0,1017.9
0.0001,1017.9
0.0002,1018
0.0003,1018.1
0.0004,1018.2
0.0005,1018.2
0.0006,1018.3
0.0007,1018.4
0.0008,1018.5
0.0009,1018.5
0.001,1018.6
0.0011,1018.7
0.0012,1018.8
0.0013,1018.8
0.0014,1018.9
0.0015,1019
0.0016,1019
0.0017,1019.1
0.0018,1019.2
0.0019,1019.3
0.002,1019.3
0.0021,1019.4
0.0022,1019.5
0.0023,1019.6
0.0024,1019.6
0.0025,1019.7
0.0026,1019.8
0.0027,1019.8
0.0028,1019.9
0.0029,1020
0.003,1020.1
0.0031,1020.1
0.0032,1020.2
0.0033,1020.3
0.0034,1020.3
0.0035,1020.4
0.0036,1020.5
0.0037,1020.5
0.0038,1020.6
0.0039,1020.7
0.004,1020.8
0.0041,1020.8
0.0042,1020.9
0.0043,1021
0.0044,1021
0.0045,1021.1
0.0046,1021.2
0.0047,1021.2
0.0048,1021.3
0.0049,1021.4
0.005,1021.4
0.0051,1021.5
0.0052,1021.6
0.0053,1021.7
0.0054,1021.7
0.0055,1021.8
0.0056,1021.9
0.0057,1021.9
0.0058,1022
0.0059,1022.1
0.006,1022.1
0.0061,1022.2
0.0062,1022.3
0.0063,1022.3
0.0064,1022.4
0.0065,1022.4
0.0066,1022.5
0.0067,1022.6
0.0068,1022.6
0.0069,1022.7
0.007,1022.8
0.0071,1022.8
0.0072,1022.9
0.0073,1023
0.0074,1023
0.0075,1023.1
0.0076,1023.2
0.0077,1023.2
0.0078,1023.3
0.0079,1023.3
0.008,1023.4
0.0081,1023.5
0.0082,1023.5
0.0083,1023.6
0.0084,1023.7
0.0085,1023.7
0.0086,1023.8
0.0087,1023.8
0.0088,1023.9
0.0089,1024
0.009,1024
0.0091,1024.1
0.0092,1024.1
0.0093,1024.2
0.0094,1024.3
0.0095,1024.3
0.0096,1024.4
0.0097,1024.4
0.0098,1024.5
0.0099,1024.5
0.01,1024.6
0.0101,1024.7
0.0102,1024.7
0.0103,1024.8
0.0104,1024.8
0.0105,1024.9
0.0106,1025
0.0107,1025
0.0108,1025.1
0.0109,1025.1
0.011,1025.2
0.0111,1025.3
0.0112,1025.3
0.0113,1025.4
0.0114,1025.4
0.0115,1025.5
0.0116,1025.6
0.0117,1025.6
0.0118,1025.7
0.0119,1025.8
0.012,1025.8
0.0121,1025.9
0.0122,1025.9
0.0123,1026
0.0124,1026.1
0.0125,1026.1
0.0126,1026.2
0.0127,1026.3
0.0128,1026.3
0.0129,1026.4
0.013,1026.5
0.0131,1026.5
0.0132,1026.6
0.0133,1026.7
0.0134,1026.7
0.0135,1026.8
0.0136,1026.8
0.0137,1026.9
0.0138,1027
0.0139,1027
0.014,1027.1
0.0141,1027.2
0.0142,1027.2
0.0143,1027.3
0.0144,1027.4
0.0145,1027.4
0.0146,1027.5
0.0147,1027.6
0.0148,1027.6
0.0149,1027.7
0.015,1027.8
0.0151,1027.8
0.0152,1027.9
0.0153,1028
0.0154,1028
0.0155,1028.1
0.0156,1028.2
0.0157,1028.2
0.0158,1028.3
0.0159,1028.4
0.016,1028.4
0.0161,1028.5
0.0162,1028.6
0.0163,1028.6
0.0164,1028.7
0.0165,1028.8
0.0166,1028.8
0.0167,1028.9
0.0168,1029
0.0169,1029
0.017,1029.1
0.0171,1029.2
0.0172,1029.2
0.0173,1029.3
0.0174,1029.4
0.0175,1029.4
0.0176,1029.5
0.0177,1029.6
0.0178,1029.6
0.0179,1029.7
0.018,1029.8
0.0181,1029.8
0.0182,1029.9
0.0183,1030
0.0184,1030.1
0.0185,1030.1
0.0186,1030.2
0.0187,1030.3
0.0188,1030.3
0.0189,1030.4
0.019,1030.5
0.0191,1030.5
0.0192,1030.6
0.0193,1030.7
0.0194,1030.7
0.0195,1030.8
0.0196,1030.9
0.0197,1030.9
0.0198,1031
0.0199,1031.1
0.02,1031.1
0.0201,1031.2
0.0202,1031.3
0.0203,1031.3
0.0204,1031.4
0.0205,1031.5
0.0206,1031.5
0.0207,1031.6
0.0208,1031.7
0.0209,1031.7
0.021,1031.8
0.0211,1031.9
0.0212,1031.9
0.0213,1032
0.0214,1032.1
0.0215,1032.1
0.0216,1032.2
0.0217,1032.3
0.0218,1032.3
0.0219,1032.4
0.022,1032.5
0.0221,1032.5
0.0222,1032.6
0.0223,1032.6
0.0224,1032.7
0.0225,1032.8
0.0226,1032.8
0.0227,1032.9
0.0228,1033
0.0229,1033
0.023,1033.1
0.0231,1033.2
0.0232,1033.2
0.0233,1033.3
0.0234,1033.4
0.0235,1033.4
0.0236,1033.5
0.0237,1033.5
0.0238,1033.6
0.0239,1033.7
0.024,1033.7
0.0241,1033.8
0.0242,1033.9
0.0243,1033.9
0.0244,1034
0.0245,1034
0.0246,1034.1
0.0247,1034.2
0.0248,1034.2
0.0249,1034.3
0.025,1034.4
0.0251,1034.4
0.0252,1034.5
0.0253,1034.6
0.0254,1034.6
0.0255,1034.7
0.0256,1034.7
0.0257,1034.8
0.0258,1034.9
0.0259,1034.9
0.026,1035
0.0261,1035.1
0.0262,1035.1
0.0263,1035.2
0.0264,1035.2
0.0265,1035.3
0.0266,1035.4
0.0267,1035.4
0.0268,1035.5
0.0269,1035.5
0.027,1035.6
0.0271,1035.7
0.0272,1035.7
0.0273,1035.8
0.0274,1035.9
0.0275,1035.9
0.0276,1036
0.0277,1036
0.0278,1036.1
0.0279,1036.2
0.028,1036.2
0.0281,1036.3
0.0282,1036.3
0.0283,1036.4
0.0284,1036.5
0.0285,1036.5
0.0286,1036.6
0.0287,1036.6
0.0288,1036.7
0.0289,1036.8
0.029,1036.8
0.0291,1036.9
0.0292,1036.9
0.0293,1037
0.0294,1037.1
0.0295,1037.1
0.0296,1037.2
0.0297,1037.2
0.0298,1037.3
0.0299,1037.4
0.03,1037.4
0.0301,1037.5
0.0302,1037.5
0.0303,1037.6
0.0304,1037.7
0.0305,1037.7
0.0306,1037.8
0.0307,1037.8
0.0308,1037.9
0.0309,1038
0.031,1038
0.0311,1038.1
0.0312,1038.1
0.0313,1038.2
0.0314,1038.3
0.0315,1038.3
0.0316,1038.4
0.0317,1038.4
0.0318,1038.5
0.0319,1038.6
0.032,1038.6
0.0321,1038.7
0.0322,1038.7
0.0323,1038.8
0.0324,1038.9
0.0325,1038.9
0.0326,1039
0.0327,1039
0.0328,1039.1
0.0329,1039.1
0.033,1039.2
0.0331,1039.3
0.0332,1039.3
0.0333,1039.4
0.0334,1039.4
0.0335,1039.5
0.0336,1039.6
0.0337,1039.6
0.0338,1039.7
0.0339,1039.7
0.034,1039.8
0.0341,1039.9
0.0342,1039.9
0.0343,1040
0.0344,1040.1
0.0345,1040.1
0.0346,1040.2
0.0347,1040.2
0.0348,1040.3
0.0349,1040.4
0.035,1040.4
0.0351,1040.5
0.0352,1040.6
0.0353,1040.6
0.0354,1040.7
0.0355,1040.8
0.0356,1040.8
0.0357,1040.9
0.0358,1041
0.0359,1041
0.036,1041.1
0.0361,1041.2
0.0362,1041.2
0.0363,1041.3
0.0364,1041.4
0.0365,1041.4
0.0366,1041.5
0.0367,1041.6
0.0368,1041.7
0.0369,1041.7
0.037,1041.8
0.0371,1041.9
0.0372,1041.9
0.0373,1042
0.0374,1042.1
0.0375,1042.1
0.0376,1042.2
0.0377,1042.3
0.0378,1042.3
0.0379,1042.4
0.038,1042.5
0.0381,1042.6
0.0382,1042.6
0.0383,1042.7
0.0384,1042.8
0.0385,1042.8
0.0386,1042.9
0.0387,1043
0.0388,1043
0.0389,1043.1
0.039,1043.2
0.0391,1043.2
0.0392,1043.3
0.0393,1043.4
0.0394,1043.4
0.0395,1043.5
0.0396,1043.5
0.0397,1043.6
0.0398,1043.7
0.0399,1043.7
0.04,1043.8
0.0401,1043.9
0.0402,1043.9
0.0403,1044
0.0404,1044.1
0.0405,1044.1
0.0406,1044.2
0.0407,1044.2
0.0408,1044.3
0.0409,1044.4
0.041,1044.4
0.0411,1044.5
0.0412,1044.5
0.0413,1044.6
0.0414,1044.7
0.0415,1044.7
0.0416,1044.8
0.0417,1044.9
0.0418,1044.9
0.0419,1045
0.042,1045
0.0421,1045.1
0.0422,1045.2
0.0423,1045.2
0.0424,1045.3
0.0425,1045.3
0.0426,1045.4
0.0427,1045.5
0.0428,1045.5
0.0429,1045.6
0.043,1045.6
0.0431,1045.7
0.0432,1045.8
0.0433,1045.8
0.0434,1045.9
0.0435,1045.9
0.0436,1046
0.0437,1046
0.0438,1046.1
0.0439,1046.2
0.044,1046.2
0.0441,1046.3
0.0442,1046.3
0.0443,1046.4
0.0444,1046.5
0.0445,1046.5
0.0446,1046.6
0.0447,1046.6
0.0448,1046.7
0.0449,1046.8
0.045,1046.8
0.0451,1046.9
0.0452,1046.9
0.0453,1047
0.0454,1047
0.0455,1047.1
0.0456,1047.2
0.0457,1047.2
0.0458,1047.3
0.0459,1047.3
0.046,1047.4
0.0461,1047.5
0.0462,1047.5
0.0463,1047.6
0.0464,1047.6
0.0465,1047.7
0.0466,1047.7
0.0467,1047.8
0.0468,1047.8
0.0469,1047.9
0.047,1048
0.0471,1048
0.0472,1048.1
0.0473,1048.1
0.0474,1048.2
0.0475,1048.2
0.0476,1048.3
0.0477,1048.3
0.0478,1048.4
0.0479,1048.4
0.048,1048.5
0.0481,1048.5
0.0482,1048.6
0.0483,1048.6
0.0484,1048.7
0.0485,1048.7
0.0486,1048.8
0.0487,1048.8
0.0488,1048.9
0.0489,1048.9
0.049,1049
0.0491,1049
0.0492,1049.1
0.0493,1049.1
0.0494,1049.2
0.0495,1049.2
0.0496,1049.3
0.0497,1049.3
0.0498,1049.3
0.0499,1049.4
0.05,1049.4
0.0501,1049.5
0.0502,1049.5
0.0503,1049.6
0.0504,1049.6
0.0505,1049.7
0.0506,1049.7
0.0507,1049.7
0.0508,1049.8
0.0509,1049.8
0.051,1049.9
0.0511,1049.9
0.0512,1049.9
0.0513,1050
0.0514,1050
0.0515,1050.1
0.0516,1050.1
0.0517,1050.1
0.0518,1050.2
0.0519,1050.2
0.052,1050.3
0.0521,1050.3
0.0522,1050.3
0.0523,1050.4
0.0524,1050.4
0.0525,1050.5
0.0526,1050.5
0.0527,1050.5
0.0528,1050.6
0.0529,1050.6
0.053,1050.6
0.0531,1050.7
0.0532,1050.7
0.0533,1050.7
0.0534,1050.8
0.0535,1050.8
0.0536,1050.8
0.0537,1050.9
0.0538,1050.9
0.0539,1050.9
0.054,1051
0.0541,1051
0.0542,1051
0.0543,1051.1
0.0544,1051.1
0.0545,1051.1
0.0546,1051.2
0.0547,1051.2
0.0548,1051.2
0.0549,1051.3
0.055,1051.3
0.0551,1051.3
0.0552,1051.4
0.0553,1051.4
0.0554,1051.4
0.0555,1051.4
0.0556,1051.5
0.0557,1051.5
0.0558,1051.5
0.0559,1051.6
0.056,1051.6
0.0561,1051.6
0.0562,1051.6
0.0563,1051.7
0.0564,1051.7
0.0565,1051.7
0.0566,1051.7
0.0567,1051.8
0.0568,1051.8
0.0569,1051.8
0.057,1051.8
0.0571,1051.9
0.0572,1051.9
0.0573,1051.9
0.0574,1051.9
0.0575,1052
0.0576,1052
0.0577,1052
0.0578,1052
0.0579,1052
0.058,1052.1
0.0581,1052.1
0.0582,1052.1
0.0583,1052.1
0.0584,1052.1
0.0585,1052.2
0.0586,1052.2
0.0587,1052.2
0.0588,1052.2
0.0589,1052.2
0.059,1052.3
0.0591,1052.3
0.0592,1052.3
0.0593,1052.3
0.0594,1052.3
0.0595,1052.3
0.0596,1052.4
0.0597,1052.4
0.0598,1052.4
0.0599,1052.4
0.06,1052.4
0.0601,1052.4
0.0602,1052.5
0.0603,1052.5
0.0604,1052.5
0.0605,1052.5
0.0606,1052.5
0.0607,1052.5
0.0608,1052.6
0.0609,1052.6
0.061,1052.6
0.0611,1052.6
0.0612,1052.6
0.0613,1052.6
0.0614,1052.6
0.0615,1052.7
0.0616,1052.7
0.0617,1052.7
0.0618,1052.7
0.0619,1052.7
0.062,1052.7
0.0621,1052.7
0.0622,1052.8
0.0623,1052.8
0.0624,1052.8
0.0625,1052.8
0.0626,1052.8
0.0627,1052.8
0.0628,1052.8
0.0629,1052.8
0.063,1052.9
0.0631,1052.9
0.0632,1052.9
0.0633,1052.9
0.0634,1052.9
0.0635,1052.9
0.0636,1052.9
0.0637,1052.9
0.0638,1053
0.0639,1053
0.064,1053
0.0641,1053
0.0642,1053
0.0643,1053
0.0644,1053
0.0645,1053
0.0646,1053
0.0647,1053.1
0.0648,1053.1
0.0649,1053.1
0.065,1053.1
0.0651,1053.1
0.0652,1053.1
0.0653,1053.1
0.0654,1053.1
0.0655,1053.1
0.0656,1053.1
0.0657,1053.2
0.0658,1053.2
0.0659,1053.2
0.066,1053.2
0.0661,1053.2
0.0662,1053.2
0.0663,1053.2
0.0664,1053.2
0.0665,1053.2
0.0666,1053.2
0.0667,1053.3
0.0668,1053.3
0.0669,1053.3
0.067,1053.3
0.0671,1053.3
0.0672,1053.3
0.0673,1053.3
0.0674,1053.3
0.0675,1053.3
0.0676,1053.3
0.0677,1053.3
0.0678,1053.3
0.0679,1053.3
0.068,1053.4
0.0681,1053.4
0.0682,1053.4
0.0683,1053.4
0.0684,1053.4
0.0685,1053.4
0.0686,1053.4
0.0687,1053.4
0.0688,1053.4
0.0689,1053.4
0.069,1053.4
0.0691,1053.4
0.0692,1053.4
0.0693,1053.4
0.0694,1053.4
0.0695,1053.5
0.0696,1053.5
0.0697,1053.5
0.0698,1053.5
0.0699,1053.5
0.07,1053.5
0.0701,1053.5
0.0702,1053.5
0.0703,1053.5
0.0704,1053.5
0.0705,1053.5
0.0706,1053.5
0.0707,1053.5
0.0708,1053.5
0.0709,1053.5
0.071,1053.5
0.0711,1053.5
0.0712,1053.6
0.0713,1053.6
0.0714,1053.6
0.0715,1053.6
0.0716,1053.6
0.0717,1053.6
0.0718,1053.6
0.0719,1053.6
0.072,1053.6
0.0721,1053.6
0.0722,1053.6
0.0723,1053.6
0.0724,1053.6
0.0725,1053.6
0.0726,1053.6
0.0727,1053.6
0.0728,1053.6
0.0729,1053.6
0.073,1053.6
0.0731,1053.6
0.0732,1053.7
0.0733,1053.7
0.0734,1053.7
0.0735,1053.7
0.0736,1053.7
0.0737,1053.7
0.0738,1053.7
0.0739,1053.7
0.074,1053.7
0.0741,1053.7
0.0742,1053.7
0.0743,1053.7
0.0744,1053.7
0.0745,1053.7
0.0746,1053.7
0.0747,1053.7
0.0748,1053.7
0.0749,1053.7
0.075,1053.7
0.0751,1053.7
0.0752,1053.8
0.0753,1053.8
0.0754,1053.8
0.0755,1053.8
0.0756,1053.8
0.0757,1053.8
0.0758,1053.8
0.0759,1053.8
0.076,1053.8
0.0761,1053.8
0.0762,1053.8
0.0763,1053.8
0.0764,1053.8
0.0765,1053.8
0.0766,1053.9
0.0767,1053.9
0.0768,1053.9
0.0769,1053.9
0.077,1053.9
0.0771,1053.9
0.0772,1053.9
0.0773,1053.9
0.0774,1053.9
0.0775,1054
0.0776,1054
0.0777,1054
0.0778,1054
0.0779,1054
0.078,1054
0.0781,1054
0.0782,1054
0.0783,1054.1
0.0784,1054.1
0.0785,1054.1
0.0786,1054.1
0.0787,1054.1
0.0788,1054.1
0.0789,1054.1
0.079,1054.1
0.0791,1054.2
0.0792,1054.2
0.0793,1054.2
0.0794,1054.2
0.0795,1054.2
0.0796,1054.2
0.0797,1054.2
0.0798,1054.3
0.0799,1054.3
0.08,1054.3
0.0801,1054.3
0.0802,1054.3
0.0803,1054.3
0.0804,1054.4
0.0805,1054.4
0.0806,1054.4
0.0807,1054.4
0.0808,1054.4
0.0809,1054.4
0.081,1054.5
0.0811,1054.5
0.0812,1054.5
0.0813,1054.5
0.0814,1054.5
0.0815,1054.5
0.0816,1054.6
0.0817,1054.6
0.0818,1054.6
0.0819,1054.6
0.082,1054.6
0.0821,1054.7
0.0822,1054.7
0.0823,1054.7
0.0824,1054.7
0.0825,1054.7
0.0826,1054.8
0.0827,1054.8
0.0828,1054.8
0.0829,1054.8
0.083,1054.8
0.0831,1054.9
0.0832,1054.9
0.0833,1054.9
0.0834,1054.9
0.0835,1055
0.0836,1055
0.0837,1055
0.0838,1055
0.0839,1055
0.084,1055.1
0.0841,1055.1
0.0842,1055.1
0.0843,1055.1
0.0844,1055.1
0.0845,1055.2
0.0846,1055.2
0.0847,1055.2
0.0848,1055.2
0.0849,1055.2
0.085,1055.2
0.0851,1055.3
0.0852,1055.3
0.0853,1055.3
0.0854,1055.3
0.0855,1055.3
0.0856,1055.4
0.0857,1055.4
0.0858,1055.4
0.0859,1055.4
0.086,1055.4
0.0861,1055.4
0.0862,1055.4
0.0863,1055.5
0.0864,1055.5
0.0865,1055.5
0.0866,1055.5
0.0867,1055.5
0.0868,1055.5
0.0869,1055.6
0.087,1055.6
0.0871,1055.6
0.0872,1055.6
0.0873,1055.6
0.0874,1055.6
0.0875,1055.6
0.0876,1055.7
0.0877,1055.7
0.0878,1055.7
0.0879,1055.7
0.088,1055.7
0.0881,1055.7
0.0882,1055.8
0.0883,1055.8
0.0884,1055.8
0.0885,1055.8
0.0886,1055.8
0.0887,1055.8
0.0888,1055.9
0.0889,1055.9
0.089,1055.9
0.0891,1055.9
0.0892,1055.9
0.0893,1055.9
0.0894,1056
0.0895,1056
0.0896,1056
0.0897,1056
0.0898,1056
0.0899,1056.1
0.09,1056.1
0.0901,1056.1
0.0902,1056.1
0.0903,1056.1
0.0904,1056.2
0.0905,1056.2
0.0906,1056.2
0.0907,1056.2
0.0908,1056.2
0.0909,1056.3
0.091,1056.3
0.0911,1056.3
0.0912,1056.3
0.0913,1056.4
0.0914,1056.4
0.0915,1056.4
0.0916,1056.4
0.0917,1056.4
0.0918,1056.5
0.0919,1056.5
0.092,1056.5
0.0921,1056.5
0.0922,1056.6
0.0923,1056.6
0.0924,1056.6
0.0925,1056.6
0.0926,1056.7
0.0927,1056.7
0.0928,1056.7
0.0929,1056.7
0.093,1056.7
0.0931,1056.8
0.0932,1056.8
0.0933,1056.8
0.0934,1056.8
0.0935,1056.9
0.0936,1056.9
0.0937,1056.9
0.0938,1056.9
0.0939,1057
0.094,1057
0.0941,1057
0.0942,1057
0.0943,1057
0.0944,1057.1
0.0945,1057.1
0.0946,1057.1
0.0947,1057.1
0.0948,1057.2
0.0949,1057.2
0.095,1057.2
0.0951,1057.2
0.0952,1057.2
0.0953,1057.3
0.0954,1057.3
0.0955,1057.3
0.0956,1057.3
0.0957,1057.3
0.0958,1057.4
0.0959,1057.4
0.096,1057.4
0.0961,1057.4
0.0962,1057.5
0.0963,1057.5
0.0964,1057.5
0.0965,1057.5
0.0966,1057.5
0.0967,1057.6
0.0968,1057.6
0.0969,1057.6
0.097,1057.6
0.0971,1057.7
0.0972,1057.7
0.0973,1057.7
0.0974,1057.7
0.0975,1057.7
0.0976,1057.8
0.0977,1057.8
0.0978,1057.8
0.0979,1057.8
0.098,1057.9
0.0981,1057.9
0.0982,1057.9
0.0983,1057.9
0.0984,1058
0.0985,1058
0.0986,1058
0.0987,1058
0.0988,1058.1
0.0989,1058.1
0.099,1058.1
0.0991,1058.1
0.0992,1058.2
0.0993,1058.2
0.0994,1058.2
0.0995,1058.2
0.0996,1058.3
0.0997,1058.3
0.0998,1058.3
0.0999,1058.4
0.1,1058.4
0.1001,1058.4
0.1002,1058.4
0.1003,1058.5
0.1004,1058.5
0.1005,1058.5
0.1006,1058.6
0.1007,1058.6
0.1008,1058.6
0.1009,1058.7
0.101,1058.7
0.1011,1058.7
0.1012,1058.8
0.1013,1058.8
0.1014,1058.8
0.1015,1058.8
0.1016,1058.9
0.1017,1058.9
0.1018,1058.9
0.1019,1059
0.102,1059
0.1021,1059
0.1022,1059.1
0.1023,1059.1
0.1024,1059.1
0.1025,1059.2
0.1026,1059.2
0.1027,1059.2
0.1028,1059.3
0.1029,1059.3
0.103,1059.3
0.1031,1059.3
0.1032,1059.4
0.1033,1059.4
0.1034,1059.4
0.1035,1059.5
0.1036,1059.5
0.1037,1059.5
0.1038,1059.6
0.1039,1059.6
0.104,1059.6
0.1041,1059.7
0.1042,1059.7
0.1043,1059.7
0.1044,1059.7
0.1045,1059.8
0.1046,1059.8
0.1047,1059.8
0.1048,1059.9
0.1049,1059.9
0.105,1059.9
0.1051,1060
0.1052,1060
0.1053,1060
0.1054,1060
0.1055,1060.1
0.1056,1060.1
0.1057,1060.1
0.1058,1060.2
0.1059,1060.2
0.106,1060.2
0.1061,1060.3
0.1062,1060.3
0.1063,1060.3
0.1064,1060.4
0.1065,1060.4
0.1066,1060.4
0.1067,1060.5
0.1068,1060.5
0.1069,1060.5
0.107,1060.6
0.1071,1060.6
0.1072,1060.6
0.1073,1060.6
0.1074,1060.7
0.1075,1060.7
0.1076,1060.8
0.1077,1060.8
0.1078,1060.8
0.1079,1060.9
0.108,1060.9
0.1081,1060.9
0.1082,1061
0.1083,1061
0.1084,1061
0.1085,1061.1
0.1086,1061.1
0.1087,1061.1
0.1088,1061.2
0.1089,1061.2
0.109,1061.3
0.1091,1061.3
0.1092,1061.3
0.1093,1061.4
0.1094,1061.4
0.1095,1061.5
0.1096,1061.5
0.1097,1061.5
0.1098,1061.6
0.1099,1061.6
0.11,1061.6
0.1101,1061.7
0.1102,1061.7
0.1103,1061.8
0.1104,1061.8
0.1105,1061.9
0.1106,1061.9
0.1107,1061.9
0.1108,1062
0.1109,1062
0.111,1062.1
0.1111,1062.1
0.1112,1062.1
0.1113,1062.2
0.1114,1062.2
0.1115,1062.3
0.1116,1062.3
0.1117,1062.3
0.1118,1062.4
0.1119,1062.4
0.112,1062.5
0.1121,1062.5
0.1122,1062.6
0.1123,1062.6
0.1124,1062.6
0.1125,1062.7
0.1126,1062.7
0.1127,1062.8
0.1128,1062.8
0.1129,1062.8
0.113,1062.9
0.1131,1062.9
0.1132,1063
0.1133,1063
0.1134,1063
0.1135,1063.1
0.1136,1063.1
0.1137,1063.2
0.1138,1063.2
0.1139,1063.3
0.114,1063.3
0.1141,1063.3
0.1142,1063.4
0.1143,1063.4
0.1144,1063.5
0.1145,1063.5
0.1146,1063.6
0.1147,1063.6
0.1148,1063.6
0.1149,1063.7
0.115,1063.7
0.1151,1063.8
0.1152,1063.8
0.1153,1063.9
0.1154,1063.9
0.1155,1063.9
0.1156,1064
0.1157,1064
0.1158,1064.1
0.1159,1064.1
0.116,1064.2
0.1161,1064.2
0.1162,1064.3
0.1163,1064.3
0.1164,1064.3
0.1165,1064.4
0.1166,1064.4
0.1167,1064.5
0.1168,1064.5
0.1169,1064.6
0.117,1064.6
0.1171,1064.7
0.1172,1064.7
0.1173,1064.8
0.1174,1064.8
0.1175,1064.9
0.1176,1064.9
0.1177,1065
0.1178,1065
0.1179,1065.1
0.118,1065.1
0.1181,1065.2
0.1182,1065.2
0.1183,1065.3
0.1184,1065.3
0.1185,1065.4
0.1186,1065.5
0.1187,1065.5
0.1188,1065.6
0.1189,1065.6
0.119,1065.7
0.1191,1065.7
0.1192,1065.8
0.1193,1065.8
0.1194,1065.9
0.1195,1065.9
0.1196,1066
0.1197,1066.1
0.1198,1066.1
0.1199,1066.2
0.12,1066.2
0.1201,1066.3
0.1202,1066.3
0.1203,1066.4
0.1204,1066.5
0.1205,1066.5
0.1206,1066.6
0.1207,1066.6
0.1208,1066.7
0.1209,1066.7
0.121,1066.8
0.1211,1066.8
0.1212,1066.9
0.1213,1067
0.1214,1067
0.1215,1067.1
0.1216,1067.1
0.1217,1067.2
0.1218,1067.2
0.1219,1067.3
0.122,1067.4
0.1221,1067.4
0.1222,1067.5
0.1223,1067.5
0.1224,1067.6
0.1225,1067.6
0.1226,1067.7
0.1227,1067.7
0.1228,1067.8
0.1229,1067.9
0.123,1067.9
0.1231,1068
0.1232,1068
0.1233,1068.1
0.1234,1068.1
0.1235,1068.2
0.1236,1068.3
0.1237,1068.3
0.1238,1068.4
0.1239,1068.4
0.124,1068.5
0.1241,1068.5
0.1242,1068.6
0.1243,1068.7
0.1244,1068.7
0.1245,1068.8
0.1246,1068.8
0.1247,1068.9
0.1248,1068.9
0.1249,1069
0.125,1069.1
0.1251,1069.1
0.1252,1069.2
0.1253,1069.2
0.1254,1069.3
0.1255,1069.4
0.1256,1069.4
0.1257,1069.5
0.1258,1069.5
0.1259,1069.6
0.126,1069.6
0.1261,1069.7
0.1262,1069.8
0.1263,1069.8
0.1264,1069.9
0.1265,1069.9
0.1266,1070
0.1267,1070
0.1268,1070.1
0.1269,1070.2
0.127,1070.2
0.1271,1070.3
0.1272,1070.3
0.1273,1070.4
0.1274,1070.5
0.1275,1070.5
0.1276,1070.6
0.1277,1070.6
0.1278,1070.7
0.1279,1070.7
0.128,1070.8
0.1281,1070.9
0.1282,1070.9
0.1283,1071
0.1284,1071
0.1285,1071.1
0.1286,1071.1
0.1287,1071.2
0.1288,1071.3
0.1289,1071.3
0.129,1071.4
0.1291,1071.4
0.1292,1071.5
0.1293,1071.6
0.1294,1071.6
0.1295,1071.7
0.1296,1071.7
0.1297,1071.8
0.1298,1071.8
0.1299,1071.9
0.13,1072
0.1301,1072
0.1302,1072.1
0.1303,1072.1
0.1304,1072.2
0.1305,1072.3
0.1306,1072.3
0.1307,1072.4
0.1308,1072.4
0.1309,1072.5
0.131,1072.5
0.1311,1072.6
0.1312,1072.7
0.1313,1072.7
0.1314,1072.8
0.1315,1072.8
0.1316,1072.9
0.1317,1073
0.1318,1073
0.1319,1073.1
0.132,1073.1
0.1321,1073.2
0.1322,1073.2
0.1323,1073.3
0.1324,1073.4
0.1325,1073.4
0.1326,1073.5
0.1327,1073.5
0.1328,1073.6
0.1329,1073.7
0.133,1073.7
0.1331,1073.8
0.1332,1073.8
0.1333,1073.9
0.1334,1073.9
0.1335,1074
0.1336,1074.1
0.1337,1074.1
0.1338,1074.2
0.1339,1074.2
0.134,1074.3
0.1341,1074.4
0.1342,1074.4
0.1343,1074.5
0.1344,1074.5
0.1345,1074.6
0.1346,1074.7
0.1347,1074.7
0.1348,1074.8
0.1349,1074.8
0.135,1074.9
0.1351,1075
0.1352,1075
0.1353,1075.1
0.1354,1075.1
0.1355,1075.2
0.1356,1075.2
0.1357,1075.3
0.1358,1075.4
0.1359,1075.4
0.136,1075.5
0.1361,1075.5
0.1362,1075.6
0.1363,1075.7
0.1364,1075.7
0.1365,1075.8
0.1366,1075.8
0.1367,1075.9
0.1368,1076
0.1369,1076
0.137,1076.1
0.1371,1076.1
0.1372,1076.2
0.1373,1076.2
0.1374,1076.3
0.1375,1076.4
0.1376,1076.4
0.1377,1076.5
0.1378,1076.5
0.1379,1076.6
0.138,1076.7
0.1381,1076.7
0.1382,1076.8
0.1383,1076.8
0.1384,1076.9
0.1385,1077
0.1386,1077
0.1387,1077.1
0.1388,1077.2
0.1389,1077.2
0.139,1077.3
0.1391,1077.3
0.1392,1077.4
0.1393,1077.5
0.1394,1077.5
0.1395,1077.6
0.1396,1077.7
0.1397,1077.7
0.1398,1077.8
0.1399,1077.9
0.14,1078
0.1401,1078
0.1402,1078.1
0.1403,1078.2
0.1404,1078.2
0.1405,1078.3
0.1406,1078.4
0.1407,1078.5
0.1408,1078.5
0.1409,1078.6
0.141,1078.7
0.1411,1078.8
0.1412,1078.8
0.1413,1078.9
0.1414,1079
0.1415,1079.1
0.1416,1079.2
0.1417,1079.2
0.1418,1079.3
0.1419,1079.4
0.142,1079.5
0.1421,1079.6
0.1422,1079.7
0.1423,1079.7
0.1424,1079.8
0.1425,1079.9
0.1426,1080
0.1427,1080.1
0.1428,1080.1
0.1429,1080.2
0.143,1080.3
0.1431,1080.4
0.1432,1080.5
0.1433,1080.5
0.1434,1080.6
0.1435,1080.7
0.1436,1080.8
0.1437,1080.9
0.1438,1080.9
0.1439,1081
0.144,1081.1
0.1441,1081.2
0.1442,1081.3
0.1443,1081.3
0.1444,1081.4
0.1445,1081.5
0.1446,1081.6
0.1447,1081.6
0.1448,1081.7
0.1449,1081.8
0.145,1081.8
0.1451,1081.9
0.1452,1082
0.1453,1082.1
0.1454,1082.1
0.1455,1082.2
0.1456,1082.3
0.1457,1082.4
0.1458,1082.4
0.1459,1082.5
0.146,1082.6
0.1461,1082.6
0.1462,1082.7
0.1463,1082.8
0.1464,1082.9
0.1465,1082.9
0.1466,1083
0.1467,1083.1
0.1468,1083.1
0.1469,1083.2
0.147,1083.3
0.1471,1083.4
0.1472,1083.4
0.1473,1083.5
0.1474,1083.6
0.1475,1083.6
0.1476,1083.7
0.1477,1083.8
0.1478,1083.9
0.1479,1083.9
0.148,1084
0.1481,1084.1
0.1482,1084.1
0.1483,1084.2
0.1484,1084.3
0.1485,1084.4
0.1486,1084.4
0.1487,1084.5
0.1488,1084.6
0.1489,1084.6
0.149,1084.7
0.1491,1084.8
0.1492,1084.9
0.1493,1084.9
0.1494,1085
0.1495,1085.1
0.1496,1085.1
0.1497,1085.2
0.1498,1085.3
0.1499,1085.4
0.15,1085.4
0.1501,1085.5
0.1502,1085.6
0.1503,1085.7
0.1504,1085.7
0.1505,1085.8
0.1506,1085.9
0.1507,1085.9
0.1508,1086
0.1509,1086.1
0.151,1086.2
0.1511,1086.2
0.1512,1086.3
0.1513,1086.4
0.1514,1086.5
0.1515,1086.5
0.1516,1086.6
0.1517,1086.7
0.1518,1086.7
0.1519,1086.8
0.152,1086.9
0.1521,1087
0.1522,1087
0.1523,1087.1
0.1524,1087.2
0.1525,1087.2
0.1526,1087.3
0.1527,1087.4
0.1528,1087.5
0.1529,1087.5
0.153,1087.6
0.1531,1087.7
0.1532,1087.7
0.1533,1087.8
0.1534,1087.9
0.1535,1088
0.1536,1088
0.1537,1088.1
0.1538,1088.2
0.1539,1088.2
0.154,1088.3
0.1541,1088.4
0.1542,1088.4
0.1543,1088.5
0.1544,1088.6
0.1545,1088.6
0.1546,1088.7
0.1547,1088.8
0.1548,1088.8
0.1549,1088.9
0.155,1089
0.1551,1089
0.1552,1089.1
0.1553,1089.2
0.1554,1089.2
0.1555,1089.3
0.1556,1089.4
0.1557,1089.4
0.1558,1089.5
0.1559,1089.6
0.156,1089.6
0.1561,1089.7
0.1562,1089.8
0.1563,1089.8
0.1564,1089.9
0.1565,1090
0.1566,1090
0.1567,1090.1
0.1568,1090.2
0.1569,1090.2
0.157,1090.3
0.1571,1090.4
0.1572,1090.4
0.1573,1090.5
0.1574,1090.6
0.1575,1090.6
0.1576,1090.7
0.1577,1090.8
0.1578,1090.8
0.1579,1090.9
0.158,1091
0.1581,1091
0.1582,1091.1
0.1583,1091.1
0.1584,1091.2
0.1585,1091.3
0.1586,1091.3
0.1587,1091.4
0.1588,1091.5
0.1589,1091.5
0.159,1091.6
0.1591,1091.7
0.1592,1091.7
0.1593,1091.8
0.1594,1091.9
0.1595,1091.9
0.1596,1092
0.1597,1092
0.1598,1092.1
0.1599,1092.2
0.16,1092.2
0.1601,1092.3
0.1602,1092.4
0.1603,1092.4
0.1604,1092.5
0.1605,1092.6
0.1606,1092.6
0.1607,1092.7
0.1608,1092.7
0.1609,1092.8
0.161,1092.9
0.1611,1092.9
0.1612,1093
0.1613,1093.1
0.1614,1093.1
0.1615,1093.2
0.1616,1093.2
0.1617,1093.3
0.1618,1093.4
0.1619,1093.4
0.162,1093.5
0.1621,1093.5
0.1622,1093.6
0.1623,1093.7
0.1624,1093.7
0.1625,1093.8
0.1626,1093.9
0.1627,1093.9
0.1628,1094
0.1629,1094
0.163,1094.1
0.1631,1094.2
0.1632,1094.2
0.1633,1094.3
0.1634,1094.3
0.1635,1094.4
0.1636,1094.5
0.1637,1094.5
0.1638,1094.6
0.1639,1094.6
0.164,1094.7
0.1641,1094.8
0.1642,1094.8
0.1643,1094.9
0.1644,1094.9
0.1645,1095
0.1646,1095.1
0.1647,1095.1
0.1648,1095.2
0.1649,1095.2
0.165,1095.3
0.1651,1095.4
0.1652,1095.4
0.1653,1095.5
0.1654,1095.5
0.1655,1095.6
0.1656,1095.6
0.1657,1095.7
0.1658,1095.8
0.1659,1095.8
0.166,1095.9
0.1661,1095.9
0.1662,1096
0.1663,1096
0.1664,1096.1
0.1665,1096.2
0.1666,1096.2
0.1667,1096.3
0.1668,1096.3
0.1669,1096.4
0.167,1096.4
0.1671,1096.5
0.1672,1096.5
0.1673,1096.6
0.1674,1096.7
0.1675,1096.7
0.1676,1096.8
0.1677,1096.8
0.1678,1096.9
0.1679,1096.9
0.168,1097
0.1681,1097
0.1682,1097.1
0.1683,1097.1
0.1684,1097.2
0.1685,1097.2
0.1686,1097.3
0.1687,1097.3
0.1688,1097.4
0.1689,1097.4
0.169,1097.5
0.1691,1097.5
0.1692,1097.6
0.1693,1097.6
0.1694,1097.7
0.1695,1097.8
0.1696,1097.8
0.1697,1097.9
0.1698,1097.9
0.1699,1098
0.17,1098
0.1701,1098.1
0.1702,1098.1
0.1703,1098.2
0.1704,1098.2
0.1705,1098.3
0.1706,1098.3
0.1707,1098.4
0.1708,1098.4
0.1709,1098.5
0.171,1098.5
0.1711,1098.6
0.1712,1098.6
0.1713,1098.7
0.1714,1098.7
0.1715,1098.8
0.1716,1098.8
0.1717,1098.9
0.1718,1098.9
0.1719,1099
0.172,1099
0.1721,1099.1
0.1722,1099.1
0.1723,1099.2
0.1724,1099.2
0.1725,1099.3
0.1726,1099.3
0.1727,1099.4
0.1728,1099.4
0.1729,1099.5
0.173,1099.6
0.1731,1099.6
0.1732,1099.7
0.1733,1099.7
0.1734,1099.8
0.1735,1099.8
0.1736,1099.9
0.1737,1099.9
0.1738,1100
0.1739,1100
0.174,1100.1
0.1741,1100.1
0.1742,1100.2
0.1743,1100.2
0.1744,1100.3
0.1745,1100.4
0.1746,1100.4
0.1747,1100.5
0.1748,1100.5
0.1749,1100.6
0.175,1100.6
0.1751,1100.7
0.1752,1100.7
0.1753,1100.8
0.1754,1100.8
0.1755,1100.9
0.1756,1100.9
0.1757,1101
0.1758,1101
0.1759,1101.1
0.176,1101.1
0.1761,1101.2
0.1762,1101.2
0.1763,1101.3
0.1764,1101.3
0.1765,1101.3
0.1766,1101.4
0.1767,1101.4
0.1768,1101.5
0.1769,1101.5
0.177,1101.6
0.1771,1101.6
0.1772,1101.7
0.1773,1101.7
0.1774,1101.8
0.1775,1101.8
0.1776,1101.8
0.1777,1101.9
0.1778,1101.9
0.1779,1102
0.178,1102
0.1781,1102.1
0.1782,1102.1
0.1783,1102.1
0.1784,1102.2
0.1785,1102.2
0.1786,1102.3
0.1787,1102.3
0.1788,1102.4
0.1789,1102.4
0.179,1102.4
0.1791,1102.5
0.1792,1102.5
0.1793,1102.6
0.1794,1102.6
0.1795,1102.6
0.1796,1102.7
0.1797,1102.7
0.1798,1102.8
0.1799,1102.8
0.18,1102.8
0.1801,1102.9
0.1802,1102.9
0.1803,1103
0.1804,1103
0.1805,1103
0.1806,1103.1
0.1807,1103.1
0.1808,1103.2
0.1809,1103.2
0.181,1103.2
0.1811,1103.3
0.1812,1103.3
0.1813,1103.4
0.1814,1103.4
0.1815,1103.5
0.1816,1103.5
0.1817,1103.5
0.1818,1103.6
0.1819,1103.6
0.182,1103.7
0.1821,1103.7
0.1822,1103.7
0.1823,1103.8
0.1824,1103.8
0.1825,1103.9
0.1826,1103.9
0.1827,1104
0.1828,1104
0.1829,1104
0.183,1104.1
0.1831,1104.1
0.1832,1104.2
0.1833,1104.2
0.1834,1104.2
0.1835,1104.3
0.1836,1104.3
0.1837,1104.4
0.1838,1104.4
0.1839,1104.4
0.184,1104.5
0.1841,1104.5
0.1842,1104.5
0.1843,1104.6
0.1844,1104.6
0.1845,1104.7
0.1846,1104.7
0.1847,1104.7
0.1848,1104.8
0.1849,1104.8
0.185,1104.8
0.1851,1104.8
0.1852,1104.9
0.1853,1104.9
0.1854,1104.9
0.1855,1105
0.1856,1105
0.1857,1105
0.1858,1105
0.1859,1105.1
0.186,1105.1
0.1861,1105.1
0.1862,1105.1
0.1863,1105.2
0.1864,1105.2
0.1865,1105.2
0.1866,1105.2
0.1867,1105.3
0.1868,1105.3
0.1869,1105.3
0.187,1105.3
0.1871,1105.3
0.1872,1105.4
0.1873,1105.4
0.1874,1105.4
0.1875,1105.4
0.1876,1105.5
0.1877,1105.5
0.1878,1105.5
0.1879,1105.5
0.188,1105.5
0.1881,1105.6
0.1882,1105.6
0.1883,1105.6
0.1884,1105.6
0.1885,1105.6
0.1886,1105.7
0.1887,1105.7
0.1888,1105.7
0.1889,1105.7
0.189,1105.7
0.1891,1105.7
0.1892,1105.8
0.1893,1105.8
0.1894,1105.8
0.1895,1105.8
0.1896,1105.8
0.1897,1105.9
0.1898,1105.9
0.1899,1105.9
0.19,1105.9
0.1901,1105.9
0.1902,1105.9
0.1903,1106
0.1904,1106
0.1905,1106
0.1906,1106
0.1907,1106
0.1908,1106
0.1909,1106.1
0.191,1106.1
0.1911,1106.1
0.1912,1106.1
0.1913,1106.1
0.1914,1106.2
0.1915,1106.2
0.1916,1106.2
0.1917,1106.2
0.1918,1106.2
0.1919,1106.3
0.192,1106.3
0.1921,1106.3
0.1922,1106.3
0.1923,1106.3
0.1924,1106.3
0.1925,1106.4
0.1926,1106.4
0.1927,1106.4
0.1928,1106.4
0.1929,1106.4
0.193,1106.4
0.1931,1106.4
0.1932,1106.5
0.1933,1106.5
0.1934,1106.5
0.1935,1106.5
0.1936,1106.5
0.1937,1106.5
0.1938,1106.5
0.1939,1106.5
0.194,1106.5
0.1941,1106.6
0.1942,1106.6
0.1943,1106.6
0.1944,1106.6
0.1945,1106.6
0.1946,1106.6
0.1947,1106.6
0.1948,1106.6
0.1949,1106.6
0.195,1106.6
0.1951,1106.6
0.1952,1106.6
0.1953,1106.6
0.1954,1106.6
0.1955,1106.6
0.1956,1106.6
0.1957,1106.6
0.1958,1106.6
0.1959,1106.6
0.196,1106.6
0.1961,1106.6
0.1962,1106.6
0.1963,1106.6
0.1964,1106.6
0.1965,1106.6
0.1966,1106.6
0.1967,1106.6
0.1968,1106.6
0.1969,1106.6
0.197,1106.7
0.1971,1106.7
0.1972,1106.7
0.1973,1106.7
0.1974,1106.7
0.1975,1106.7
0.1976,1106.7
0.1977,1106.7
0.1978,1106.7
0.1979,1106.7
0.198,1106.7
0.1981,1106.7
0.1982,1106.7
0.1983,1106.7
0.1984,1106.7
0.1985,1106.7
0.1986,1106.7
0.1987,1106.7
0.1988,1106.7
0.1989,1106.7
0.199,1106.7
0.1991,1106.7
0.1992,1106.7
0.1993,1106.7
0.1994,1106.7
0.1995,1106.7
0.1996,1106.7
0.1997,1106.7
0.1998,1106.7
0.1999,1106.7
0.2,1106.7
0.2001,1106.7
0.2002,1106.7
0.2003,1106.7
0.2004,1106.7
0.2005,1106.7
0.2006,1106.6
0.2007,1106.6
0.2008,1106.6
0.2009,1106.6
0.201,1106.6
0.2011,1106.6
0.2012,1106.6
0.2013,1106.6
0.2014,1106.6
0.2015,1106.6
0.2016,1106.6
0.2017,1106.6
0.2018,1106.6
0.2019,1106.6
0.202,1106.6
0.2021,1106.6
0.2022,1106.6
0.2023,1106.6
0.2024,1106.6
0.2025,1106.6
0.2026,1106.6
0.2027,1106.5
0.2028,1106.5
0.2029,1106.5
0.203,1106.5
0.2031,1106.5
0.2032,1106.5
0.2033,1106.5
0.2034,1106.5
0.2035,1106.5
0.2036,1106.5
0.2037,1106.5
0.2038,1106.5
0.2039,1106.5
0.204,1106.5
0.2041,1106.4
0.2042,1106.4
0.2043,1106.4
0.2044,1106.4
0.2045,1106.4
0.2046,1106.4
0.2047,1106.4
0.2048,1106.4
0.2049,1106.3
0.205,1106.3
0.2051,1106.3
0.2052,1106.3
0.2053,1106.3
0.2054,1106.3
0.2055,1106.2
0.2056,1106.2
0.2057,1106.2
0.2058,1106.2
0.2059,1106.2
0.206,1106.1
0.2061,1106.1
0.2062,1106.1
0.2063,1106.1
0.2064,1106.1
0.2065,1106
0.2066,1106
0.2067,1106
0.2068,1106
0.2069,1106
0.207,1105.9
0.2071,1105.9
0.2072,1105.9
0.2073,1105.9
0.2074,1105.9
0.2075,1105.8
0.2076,1105.8
0.2077,1105.8
0.2078,1105.8
0.2079,1105.8
0.208,1105.7
0.2081,1105.7
0.2082,1105.7
0.2083,1105.7
0.2084,1105.7
0.2085,1105.7
0.2086,1105.6
0.2087,1105.6
0.2088,1105.6
0.2089,1105.6
0.209,1105.6
0.2091,1105.6
0.2092,1105.6
0.2093,1105.5
0.2094,1105.5
0.2095,1105.5
0.2096,1105.5
0.2097,1105.5
0.2098,1105.5
0.2099,1105.5
0.21,1105.4
0.2101,1105.4
0.2102,1105.4
0.2103,1105.4
0.2104,1105.4
0.2105,1105.4
0.2106,1105.4
0.2107,1105.3
0.2108,1105.3
0.2109,1105.3
0.211,1105.3
0.2111,1105.3
0.2112,1105.3
0.2113,1105.3
0.2114,1105.2
0.2115,1105.2
0.2116,1105.2
0.2117,1105.2
0.2118,1105.2
0.2119,1105.2
0.212,1105.1
0.2121,1105.1
0.2122,1105.1
0.2123,1105.1
0.2124,1105.1
0.2125,1105.1
0.2126,1105
0.2127,1105
0.2128,1105
0.2129,1105
0.213,1105
0.2131,1105
0.2132,1104.9
0.2133,1104.9
0.2134,1104.9
0.2135,1104.9
0.2136,1104.8
0.2137,1104.8
0.2138,1104.8
0.2139,1104.8
0.214,1104.8
0.2141,1104.7
0.2142,1104.7
0.2143,1104.7
0.2144,1104.7
0.2145,1104.6
0.2146,1104.6
0.2147,1104.6
0.2148,1104.6
0.2149,1104.5
0.215,1104.5
0.2151,1104.5
0.2152,1104.5
0.2153,1104.4
0.2154,1104.4
0.2155,1104.4
0.2156,1104.4
0.2157,1104.3
0.2158,1104.3
0.2159,1104.3
0.216,1104.2
0.2161,1104.2
0.2162,1104.2
0.2163,1104.2
0.2164,1104.1
0.2165,1104.1
0.2166,1104.1
0.2167,1104.1
0.2168,1104
0.2169,1104
0.217,1104
0.2171,1104
0.2172,1103.9
0.2173,1103.9
0.2174,1103.9
0.2175,1103.8
0.2176,1103.8
0.2177,1103.8
0.2178,1103.8
0.2179,1103.7
0.218,1103.7
0.2181,1103.7
0.2182,1103.7
0.2183,1103.6
0.2184,1103.6
0.2185,1103.6
0.2186,1103.6
0.2187,1103.5
0.2188,1103.5
0.2189,1103.5
0.219,1103.4
0.2191,1103.4
0.2192,1103.4
0.2193,1103.4
0.2194,1103.3
0.2195,1103.3
0.2196,1103.3
0.2197,1103.2
0.2198,1103.2
0.2199,1103.2
0.22,1103.2
0.2201,1103.1
0.2202,1103.1
0.2203,1103.1
0.2204,1103.1
0.2205,1103
0.2206,1103
0.2207,1103
0.2208,1102.9
0.2209,1102.9
0.221,1102.9
0.2211,1102.8
0.2212,1102.8
0.2213,1102.8
0.2214,1102.8
0.2215,1102.7
0.2216,1102.7
0.2217,1102.7
0.2218,1102.6
0.2219,1102.6
0.222,1102.6
0.2221,1102.6
0.2222,1102.5
0.2223,1102.5
0.2224,1102.5
0.2225,1102.4
0.2226,1102.4
0.2227,1102.4
0.2228,1102.3
0.2229,1102.3
0.223,1102.3
0.2231,1102.2
0.2232,1102.2
0.2233,1102.2
0.2234,1102.2
0.2235,1102.1
0.2236,1102.1
0.2237,1102.1
0.2238,1102
0.2239,1102
0.224,1102
0.2241,1101.9
0.2242,1101.9
0.2243,1101.9
0.2244,1101.8
0.2245,1101.8
0.2246,1101.8
0.2247,1101.7
0.2248,1101.7
0.2249,1101.7
0.225,1101.6
0.2251,1101.6
0.2252,1101.6
0.2253,1101.5
0.2254,1101.5
0.2255,1101.5
0.2256,1101.4
0.2257,1101.4
0.2258,1101.4
0.2259,1101.3
0.226,1101.3
0.2261,1101.3
0.2262,1101.2
0.2263,1101.2
0.2264,1101.2
0.2265,1101.1
0.2266,1101.1
0.2267,1101.1
0.2268,1101
0.2269,1101
0.227,1100.9
0.2271,1100.9
0.2272,1100.9
0.2273,1100.8
0.2274,1100.8
0.2275,1100.8
0.2276,1100.7
0.2277,1100.7
0.2278,1100.7
0.2279,1100.6
0.228,1100.6
0.2281,1100.5
0.2282,1100.5
0.2283,1100.5
0.2284,1100.4
0.2285,1100.4
0.2286,1100.4
0.2287,1100.3
0.2288,1100.3
0.2289,1100.2
0.229,1100.2
0.2291,1100.2
0.2292,1100.1
0.2293,1100.1
0.2294,1100.1
0.2295,1100
0.2296,1100
0.2297,1099.9
0.2298,1099.9
0.2299,1099.9
0.23,1099.8
0.2301,1099.8
0.2302,1099.7
0.2303,1099.7
0.2304,1099.7
0.2305,1099.6
0.2306,1099.6
0.2307,1099.5
0.2308,1099.5
0.2309,1099.5
0.231,1099.4
0.2311,1099.4
0.2312,1099.3
0.2313,1099.3
0.2314,1099.2
0.2315,1099.2
0.2316,1099.2
0.2317,1099.1
0.2318,1099.1
0.2319,1099
0.232,1099
0.2321,1099
0.2322,1098.9
0.2323,1098.9
0.2324,1098.8
0.2325,1098.8
0.2326,1098.7
0.2327,1098.7
0.2328,1098.7
0.2329,1098.6
0.233,1098.6
0.2331,1098.5
0.2332,1098.5
0.2333,1098.4
0.2334,1098.4
0.2335,1098.4
0.2336,1098.3
0.2337,1098.3
0.2338,1098.2
0.2339,1098.2
0.234,1098.1
0.2341,1098.1
0.2342,1098
0.2343,1098
0.2344,1097.9
0.2345,1097.9
0.2346,1097.8
0.2347,1097.8
0.2348,1097.8
0.2349,1097.7
0.235,1097.7
0.2351,1097.6
0.2352,1097.6
0.2353,1097.5
0.2354,1097.5
0.2355,1097.4
0.2356,1097.4
0.2357,1097.3
0.2358,1097.3
0.2359,1097.2
0.236,1097.2
0.2361,1097.1
0.2362,1097.1
0.2363,1097
0.2364,1097
0.2365,1096.9
0.2366,1096.8
0.2367,1096.8
0.2368,1096.7
0.2369,1096.7
0.237,1096.6
0.2371,1096.6
0.2372,1096.5
0.2373,1096.5
0.2374,1096.4
0.2375,1096.4
0.2376,1096.3
0.2377,1096.2
0.2378,1096.2
0.2379,1096.1
0.238,1096.1
0.2381,1096
0.2382,1096
0.2383,1095.9
0.2384,1095.8
0.2385,1095.8
0.2386,1095.7
0.2387,1095.7
0.2388,1095.6
0.2389,1095.5
0.239,1095.5
0.2391,1095.4
0.2392,1095.4
0.2393,1095.3
0.2394,1095.2
0.2395,1095.2
0.2396,1095.1
0.2397,1095.1
0.2398,1095
0.2399,1094.9
0.24,1094.9
0.2401,1094.8
0.2402,1094.7
0.2403,1094.7
0.2404,1094.6
0.2405,1094.6
0.2406,1094.5
0.2407,1094.4
0.2408,1094.4
0.2409,1094.3
0.241,1094.2
0.2411,1094.2
0.2412,1094.1
0.2413,1094
0.2414,1094
0.2415,1093.9
0.2416,1093.8
0.2417,1093.8
0.2418,1093.7
0.2419,1093.6
0.242,1093.6
0.2421,1093.5
0.2422,1093.4
0.2423,1093.4
0.2424,1093.3
0.2425,1093.2
0.2426,1093.2
0.2427,1093.1
0.2428,1093
0.2429,1093
0.243,1092.9
0.2431,1092.8
0.2432,1092.7
0.2433,1092.7
0.2434,1092.6
0.2435,1092.5
0.2436,1092.5
0.2437,1092.4
0.2438,1092.3
0.2439,1092.2
0.244,1092.2
0.2441,1092.1
0.2442,1092
0.2443,1091.9
0.2444,1091.9
0.2445,1091.8
0.2446,1091.7
0.2447,1091.6
0.2448,1091.5
0.2449,1091.5
0.245,1091.4
0.2451,1091.3
0.2452,1091.2
0.2453,1091.1
0.2454,1091.1
0.2455,1091
0.2456,1090.9
0.2457,1090.8
0.2458,1090.7
0.2459,1090.6
0.246,1090.5
0.2461,1090.4
0.2462,1090.3
0.2463,1090.3
0.2464,1090.2
0.2465,1090.1
0.2466,1090
0.2467,1089.9
0.2468,1089.8
0.2469,1089.7
0.247,1089.6
0.2471,1089.5
0.2472,1089.4
0.2473,1089.3
0.2474,1089.2
0.2475,1089.1
0.2476,1089
0.2477,1088.9
0.2478,1088.8
0.2479,1088.7
0.248,1088.6
0.2481,1088.5
0.2482,1088.4
0.2483,1088.3
0.2484,1088.2
0.2485,1088.1
0.2486,1088.1
0.2487,1088
0.2488,1087.9
0.2489,1087.8
0.249,1087.7
0.2491,1087.6
0.2492,1087.5
0.2493,1087.4
0.2494,1087.3
0.2495,1087.2
0.2496,1087.1
0.2497,1087
0.2498,1086.9
0.2499,1086.8
0.25,1086.7
0.2501,1086.6
0.2502,1086.6
0.2503,1086.5
0.2504,1086.4
0.2505,1086.3
0.2506,1086.2
0.2507,1086.1
0.2508,1086
0.2509,1085.9
0.251,1085.8
0.2511,1085.7
0.2512,1085.6
0.2513,1085.5
0.2514,1085.5
0.2515,1085.4
0.2516,1085.3
0.2517,1085.2
0.2518,1085.1
0.2519,1085
0.252,1084.9
0.2521,1084.8
0.2522,1084.7
0.2523,1084.6
0.2524,1084.5
0.2525,1084.4
0.2526,1084.3
0.2527,1084.2
0.2528,1084.1
0.2529,1084.1
0.253,1084
0.2531,1083.9
0.2532,1083.8
0.2533,1083.7
0.2534,1083.6
0.2535,1083.5
0.2536,1083.4
0.2537,1083.3
0.2538,1083.2
0.2539,1083.1
0.254,1083
0.2541,1082.9
0.2542,1082.8
0.2543,1082.7
0.2544,1082.6
0.2545,1082.5
0.2546,1082.4
0.2547,1082.2
0.2548,1082.1
0.2549,1082
0.255,1081.9
0.2551,1081.8
0.2552,1081.7
0.2553,1081.6
0.2554,1081.5
0.2555,1081.4
0.2556,1081.3
0.2557,1081.2
0.2558,1081
0.2559,1080.9
0.256,1080.8
0.2561,1080.7
0.2562,1080.6
0.2563,1080.5
0.2564,1080.4
0.2565,1080.3
0.2566,1080.1
0.2567,1080
0.2568,1079.9
0.2569,1079.8
0.257,1079.7
0.2571,1079.6
0.2572,1079.5
0.2573,1079.4
0.2574,1079.3
0.2575,1079.1
0.2576,1079
0.2577,1078.9
0.2578,1078.8
0.2579,1078.7
0.258,1078.6
0.2581,1078.5
0.2582,1078.4
0.2583,1078.3
0.2584,1078.2
0.2585,1078.1
0.2586,1078
0.2587,1077.9
0.2588,1077.8
0.2589,1077.7
0.259,1077.6
0.2591,1077.5
0.2592,1077.4
0.2593,1077.3
0.2594,1077.2
0.2595,1077.1
0.2596,1077
0.2597,1076.9
0.2598,1076.8
0.2599,1076.7
0.26,1076.6
0.2601,1076.5
0.2602,1076.4
0.2603,1076.3
0.2604,1076.2
0.2605,1076.1
0.2606,1076
0.2607,1075.9
0.2608,1075.8
0.2609,1075.7
0.261,1075.6
0.2611,1075.5
0.2612,1075.4
0.2613,1075.3
0.2614,1075.2
0.2615,1075.1
0.2616,1075
0.2617,1074.9
0.2618,1074.8
0.2619,1074.7
0.262,1074.6
0.2621,1074.5
0.2622,1074.4
0.2623,1074.3
0.2624,1074.2
0.2625,1074.1
0.2626,1074
0.2627,1073.9
0.2628,1073.8
0.2629,1073.7
0.263,1073.6
0.2631,1073.5
0.2632,1073.4
0.2633,1073.3
0.2634,1073.2
0.2635,1073.1
0.2636,1073
0.2637,1072.9
0.2638,1072.9
0.2639,1072.8
0.264,1072.7
0.2641,1072.6
0.2642,1072.5
0.2643,1072.4
0.2644,1072.3
0.2645,1072.2
0.2646,1072.1
0.2647,1072
0.2648,1071.9
0.2649,1071.8
0.265,1071.7
0.2651,1071.6
0.2652,1071.5
0.2653,1071.4
0.2654,1071.3
0.2655,1071.3
0.2656,1071.2
0.2657,1071.1
0.2658,1071
0.2659,1070.9
0.266,1070.8
0.2661,1070.7
0.2662,1070.6
0.2663,1070.5
0.2664,1070.4
0.2665,1070.3
0.2666,1070.3
0.2667,1070.2
0.2668,1070.1
0.2669,1070
0.267,1069.9
0.2671,1069.8
0.2672,1069.7
0.2673,1069.6
0.2674,1069.5
0.2675,1069.4
0.2676,1069.4
0.2677,1069.3
0.2678,1069.2
0.2679,1069.1
0.268,1069
0.2681,1068.9
0.2682,1068.8
0.2683,1068.8
0.2684,1068.7
0.2685,1068.6
0.2686,1068.5
0.2687,1068.4
0.2688,1068.3
0.2689,1068.2
0.269,1068.1
0.2691,1068.1
0.2692,1068
0.2693,1067.9
0.2694,1067.8
0.2695,1067.7
0.2696,1067.6
0.2697,1067.5
0.2698,1067.5
0.2699,1067.4
0.27,1067.3
0.2701,1067.2
0.2702,1067.1
0.2703,1067
0.2704,1067
0.2705,1066.9
0.2706,1066.8
0.2707,1066.7
0.2708,1066.6
0.2709,1066.6
0.271,1066.5
0.2711,1066.4
0.2712,1066.3
0.2713,1066.2
0.2714,1066.2
0.2715,1066.1
0.2716,1066
0.2717,1065.9
0.2718,1065.8
0.2719,1065.8
0.272,1065.7
0.2721,1065.6
0.2722,1065.5
0.2723,1065.5
0.2724,1065.4
0.2725,1065.3
0.2726,1065.3
0.2727,1065.2
0.2728,1065.1
0.2729,1065
0.273,1065
0.2731,1064.9
0.2732,1064.8
0.2733,1064.8
0.2734,1064.7
0.2735,1064.6
0.2736,1064.6
0.2737,1064.5
0.2738,1064.4
0.2739,1064.4
0.274,1064.3
0.2741,1064.2
0.2742,1064.2
0.2743,1064.1
0.2744,1064
0.2745,1064
0.2746,1063.9
0.2747,1063.8
0.2748,1063.8
0.2749,1063.7
0.275,1063.6
0.2751,1063.6
0.2752,1063.5
0.2753,1063.4
0.2754,1063.4
0.2755,1063.3
0.2756,1063.2
0.2757,1063.2
0.2758,1063.1
0.2759,1063
0.276,1063
0.2761,1062.9
0.2762,1062.9
0.2763,1062.8
0.2764,1062.7
0.2765,1062.7
0.2766,1062.6
0.2767,1062.5
0.2768,1062.5
0.2769,1062.4
0.277,1062.3
0.2771,1062.3
0.2772,1062.2
0.2773,1062.1
0.2774,1062.1
0.2775,1062
0.2776,1061.9
0.2777,1061.9
0.2778,1061.8
0.2779,1061.7
0.278,1061.7
0.2781,1061.6
0.2782,1061.5
0.2783,1061.5
0.2784,1061.4
0.2785,1061.3
0.2786,1061.3
0.2787,1061.2
0.2788,1061.1
0.2789,1061.1
0.279,1061
0.2791,1060.9
0.2792,1060.9
0.2793,1060.8
0.2794,1060.7
0.2795,1060.7
0.2796,1060.6
0.2797,1060.6
0.2798,1060.5
0.2799,1060.4
0.28,1060.4
0.2801,1060.3
0.2802,1060.2
0.2803,1060.2
0.2804,1060.1
0.2805,1060
0.2806,1060
0.2807,1059.9
0.2808,1059.8
0.2809,1059.8
0.281,1059.7
0.2811,1059.6
0.2812,1059.6
0.2813,1059.5
0.2814,1059.5
0.2815,1059.4
0.2816,1059.3
0.2817,1059.3
0.2818,1059.2
0.2819,1059.1
0.282,1059.1
0.2821,1059
0.2822,1058.9
0.2823,1058.9
0.2824,1058.8
0.2825,1058.8
0.2826,1058.7
0.2827,1058.6
0.2828,1058.6
0.2829,1058.5
0.283,1058.4
0.2831,1058.4
0.2832,1058.3
0.2833,1058.3
0.2834,1058.2
0.2835,1058.1
0.2836,1058.1
0.2837,1058
0.2838,1058
0.2839,1057.9
0.284,1057.8
0.2841,1057.8
0.2842,1057.7
0.2843,1057.6
0.2844,1057.6
0.2845,1057.5
0.2846,1057.5
0.2847,1057.4
0.2848,1057.3
0.2849,1057.3
0.285,1057.2
0.2851,1057.1
0.2852,1057.1
0.2853,1057
0.2854,1056.9
0.2855,1056.9
0.2856,1056.8
0.2857,1056.8
0.2858,1056.7
0.2859,1056.6
0.286,1056.6
0.2861,1056.5
0.2862,1056.4
0.2863,1056.4
0.2864,1056.3
0.2865,1056.2
0.2866,1056.2
0.2867,1056.1
0.2868,1056
0.2869,1056
0.287,1055.9
0.2871,1055.8
0.2872,1055.8
0.2873,1055.7
0.2874,1055.6
0.2875,1055.6
0.2876,1055.5
0.2877,1055.4
0.2878,1055.4
0.2879,1055.3
0.288,1055.2
0.2881,1055.2
0.2882,1055.1
0.2883,1055
0.2884,1055
0.2885,1054.9
0.2886,1054.8
0.2887,1054.8
0.2888,1054.7
0.2889,1054.6
0.289,1054.6
0.2891,1054.5
0.2892,1054.4
0.2893,1054.3
0.2894,1054.3
0.2895,1054.2
0.2896,1054.1
0.2897,1054.1
0.2898,1054
0.2899,1053.9
0.29,1053.9
0.2901,1053.8
0.2902,1053.8
0.2903,1053.7
0.2904,1053.6
0.2905,1053.6
0.2906,1053.5
0.2907,1053.4
0.2908,1053.4
0.2909,1053.3
0.291,1053.2
0.2911,1053.2
0.2912,1053.1
0.2913,1053
0.2914,1053
0.2915,1052.9
0.2916,1052.9
0.2917,1052.8
0.2918,1052.7
0.2919,1052.7
0.292,1052.6
0.2921,1052.5
0.2922,1052.5
0.2923,1052.4
0.2924,1052.4
0.2925,1052.3
0.2926,1052.2
0.2927,1052.2
0.2928,1052.1
0.2929,1052.1
0.293,1052
0.2931,1051.9
0.2932,1051.9
0.2933,1051.8
0.2934,1051.7
0.2935,1051.7
0.2936,1051.6
0.2937,1051.6
0.2938,1051.5
0.2939,1051.4
0.294,1051.4
0.2941,1051.3
0.2942,1051.2
0.2943,1051.2
0.2944,1051.1
0.2945,1051.1
0.2946,1051
0.2947,1050.9
0.2948,1050.9
0.2949,1050.8
0.295,1050.7
0.2951,1050.7
0.2952,1050.6
0.2953,1050.5
0.2954,1050.5
0.2955,1050.4
0.2956,1050.3
0.2957,1050.3
0.2958,1050.2
0.2959,1050.1
0.296,1050.1
0.2961,1050
0.2962,1049.9
0.2963,1049.9
0.2964,1049.8
0.2965,1049.7
0.2966,1049.7
0.2967,1049.6
0.2968,1049.5
0.2969,1049.5
0.297,1049.4
0.2971,1049.3
0.2972,1049.3
0.2973,1049.2
0.2974,1049.1
0.2975,1049.1
0.2976,1049
0.2977,1048.9
0.2978,1048.8
0.2979,1048.8
0.298,1048.7
0.2981,1048.6
0.2982,1048.6
0.2983,1048.5
0.2984,1048.4
0.2985,1048.4
0.2986,1048.3
0.2987,1048.2
0.2988,1048.2
0.2989,1048.1
0.299,1048
0.2991,1047.9
0.2992,1047.9
0.2993,1047.8
0.2994,1047.7
0.2995,1047.7
0.2996,1047.6
0.2997,1047.5
0.2998,1047.5
0.2999,1047.4
0.3,1047.3
0.3001,1047.2
0.3002,1047.2
0.3003,1047.1
0.3004,1047
0.3005,1047
0.3006,1046.9
0.3007,1046.8
0.3008,1046.7
0.3009,1046.7
0.301,1046.6
0.3011,1046.5
0.3012,1046.4
0.3013,1046.4
0.3014,1046.3
0.3015,1046.2
0.3016,1046.2
0.3017,1046.1
0.3018,1046
0.3019,1045.9
0.302,1045.9
0.3021,1045.8
0.3022,1045.7
0.3023,1045.6
0.3024,1045.6
0.3025,1045.5
0.3026,1045.4
0.3027,1045.3
0.3028,1045.3
0.3029,1045.2
0.303,1045.1
0.3031,1045
0.3032,1045
0.3033,1044.9
0.3034,1044.8
0.3035,1044.8
0.3036,1044.7
0.3037,1044.6
0.3038,1044.5
0.3039,1044.5
0.304,1044.4
0.3041,1044.3
0.3042,1044.2
0.3043,1044.2
0.3044,1044.1
0.3045,1044
0.3046,1043.9
0.3047,1043.9
0.3048,1043.8
0.3049,1043.7
0.305,1043.7
0.3051,1043.6
0.3052,1043.5
0.3053,1043.4
0.3054,1043.4
0.3055,1043.3
0.3056,1043.2
0.3057,1043.1
0.3058,1043.1
0.3059,1043
0.306,1042.9
0.3061,1042.9
0.3062,1042.8
0.3063,1042.7
0.3064,1042.6
0.3065,1042.6
0.3066,1042.5
0.3067,1042.4
0.3068,1042.3
0.3069,1042.3
0.307,1042.2
0.3071,1042.1
0.3072,1042.1
0.3073,1042
0.3074,1041.9
0.3075,1041.8
0.3076,1041.8
0.3077,1041.7
0.3078,1041.6
0.3079,1041.5
0.308,1041.5
0.3081,1041.4
0.3082,1041.3
0.3083,1041.3
0.3084,1041.2
0.3085,1041.1
0.3086,1041
0.3087,1041
0.3088,1040.9
0.3089,1040.8
0.309,1040.7
0.3091,1040.7
0.3092,1040.6
0.3093,1040.5
0.3094,1040.5
0.3095,1040.4
0.3096,1040.3
0.3097,1040.2
0.3098,1040.2
0.3099,1040.1
0.31,1040
0.3101,1039.9
0.3102,1039.9
0.3103,1039.8
0.3104,1039.7
0.3105,1039.7
0.3106,1039.6
0.3107,1039.5
0.3108,1039.4
0.3109,1039.4
0.311,1039.3
0.3111,1039.2
0.3112,1039.1
0.3113,1039.1
0.3114,1039
0.3115,1038.9
0.3116,1038.9
0.3117,1038.8
0.3118,1038.7
0.3119,1038.6
0.312,1038.6
0.3121,1038.5
0.3122,1038.4
0.3123,1038.4
0.3124,1038.3
0.3125,1038.2
0.3126,1038.1
0.3127,1038.1
0.3128,1038
0.3129,1037.9
0.313,1037.9
0.3131,1037.8
0.3132,1037.7
0.3133,1037.7
0.3134,1037.6
0.3135,1037.5
0.3136,1037.4
0.3137,1037.4
0.3138,1037.3
0.3139,1037.2
0.314,1037.2
0.3141,1037.1
0.3142,1037
0.3143,1037
0.3144,1036.9
0.3145,1036.8
0.3146,1036.8
0.3147,1036.7
0.3148,1036.6
0.3149,1036.6
0.315,1036.5
0.3151,1036.4
0.3152,1036.4
0.3153,1036.3
0.3154,1036.2
0.3155,1036.2
0.3156,1036.1
0.3157,1036
0.3158,1036
0.3159,1035.9
0.316,1035.8
0.3161,1035.8
0.3162,1035.7
0.3163,1035.6
0.3164,1035.6
0.3165,1035.5
0.3166,1035.4
0.3167,1035.4
0.3168,1035.3
0.3169,1035.2
0.317,1035.1
0.3171,1035.1
0.3172,1035
0.3173,1034.9
0.3174,1034.9
0.3175,1034.8
0.3176,1034.7
0.3177,1034.6
0.3178,1034.6
0.3179,1034.5
0.318,1034.4
0.3181,1034.3
0.3182,1034.3
0.3183,1034.2
0.3184,1034.1
0.3185,1034
0.3186,1033.9
0.3187,1033.9
0.3188,1033.8
0.3189,1033.7
0.319,1033.6
0.3191,1033.5
0.3192,1033.5
0.3193,1033.4
0.3194,1033.3
0.3195,1033.2
0.3196,1033.1
0.3197,1033
0.3198,1033
0.3199,1032.9
0.32,1032.8
0.3201,1032.7
0.3202,1032.6
0.3203,1032.5
0.3204,1032.4
0.3205,1032.4
0.3206,1032.3
0.3207,1032.2
0.3208,1032.1
0.3209,1032
0.321,1031.9
0.3211,1031.8
0.3212,1031.8
0.3213,1031.7
0.3214,1031.6
0.3215,1031.5
0.3216,1031.4
0.3217,1031.3
0.3218,1031.2
0.3219,1031.2
0.322,1031.1
0.3221,1031
0.3222,1030.9
0.3223,1030.8
0.3224,1030.7
0.3225,1030.7
0.3226,1030.6
0.3227,1030.5
0.3228,1030.4
0.3229,1030.3
0.323,1030.2
0.3231,1030.2
0.3232,1030.1
0.3233,1030
0.3234,1029.9
0.3235,1029.8
0.3236,1029.7
0.3237,1029.7
0.3238,1029.6
0.3239,1029.5
0.324,1029.4
0.3241,1029.3
0.3242,1029.2
0.3243,1029.2
0.3244,1029.1
0.3245,1029
0.3246,1028.9
0.3247,1028.8
0.3248,1028.8
0.3249,1028.7
0.325,1028.6
0.3251,1028.5
0.3252,1028.4
0.3253,1028.3
0.3254,1028.3
0.3255,1028.2
0.3256,1028.1
0.3257,1028
0.3258,1027.9
0.3259,1027.9
0.326,1027.8
0.3261,1027.7
0.3262,1027.6
0.3263,1027.5
0.3264,1027.4
0.3265,1027.4
0.3266,1027.3
0.3267,1027.2
0.3268,1027.1
0.3269,1027
0.327,1026.9
0.3271,1026.9
0.3272,1026.8
0.3273,1026.7
0.3274,1026.6
0.3275,1026.5
0.3276,1026.4
0.3277,1026.4
0.3278,1026.3
0.3279,1026.2
0.328,1026.1
0.3281,1026
0.3282,1026
0.3283,1025.9
0.3284,1025.8
0.3285,1025.7
0.3286,1025.6
0.3287,1025.6
0.3288,1025.5
0.3289,1025.4
0.329,1025.3
0.3291,1025.2
0.3292,1025.1
0.3293,1025.1
0.3294,1025
0.3295,1024.9
0.3296,1024.8
0.3297,1024.7
0.3298,1024.7
0.3299,1024.6
0.33,1024.5
0.3301,1024.4
0.3302,1024.3
0.3303,1024.2
0.3304,1024.2
0.3305,1024.1
0.3306,1024
0.3307,1023.9
0.3308,1023.8
0.3309,1023.7
0.331,1023.6
0.3311,1023.6
0.3312,1023.5
0.3313,1023.4
0.3314,1023.3
0.3315,1023.2
0.3316,1023.1
0.3317,1023
0.3318,1022.9
0.3319,1022.9
0.332,1022.8
0.3321,1022.7
0.3322,1022.6
0.3323,1022.5
0.3324,1022.4
0.3325,1022.3
0.3326,1022.2
0.3327,1022.1
0.3328,1022
0.3329,1022
0.333,1021.9
0.3331,1021.8
0.3332,1021.7
0.3333,1021.6
0.3334,1021.5
0.3335,1021.4
0.3336,1021.3
0.3337,1021.2
0.3338,1021.1
0.3339,1021
0.334,1020.9
0.3341,1020.8
0.3342,1020.7
0.3343,1020.6
0.3344,1020.5
0.3345,1020.5
0.3346,1020.4
0.3347,1020.3
0.3348,1020.2
0.3349,1020.1
0.335,1020
0.3351,1019.9
0.3352,1019.8
0.3353,1019.7
0.3354,1019.6
0.3355,1019.5
0.3356,1019.4
0.3357,1019.3
0.3358,1019.3
0.3359,1019.2
0.336,1019.1
0.3361,1019
0.3362,1018.9
0.3363,1018.8
0.3364,1018.7
0.3365,1018.6
0.3366,1018.5
0.3367,1018.5
0.3368,1018.4
0.3369,1018.3
0.337,1018.2
0.3371,1018.1
0.3372,1018
0.3373,1017.9
0.3374,1017.8
0.3375,1017.8
0.3376,1017.7
0.3377,1017.6
0.3378,1017.5
0.3379,1017.4
0.338,1017.3
0.3381,1017.2
0.3382,1017.1
0.3383,1017.1
0.3384,1017
0.3385,1016.9
0.3386,1016.8
0.3387,1016.7
0.3388,1016.6
0.3389,1016.5
0.339,1016.5
0.3391,1016.4
0.3392,1016.3
0.3393,1016.2
0.3394,1016.1
0.3395,1016
0.3396,1016
0.3397,1015.9
0.3398,1015.8
0.3399,1015.7
0.34,1015.6
0.3401,1015.5
0.3402,1015.5
0.3403,1015.4
0.3404,1015.3
0.3405,1015.2
0.3406,1015.1
0.3407,1015
0.3408,1015
0.3409,1014.9
0.341,1014.8
0.3411,1014.7
0.3412,1014.6
0.3413,1014.5
0.3414,1014.5
0.3415,1014.4
0.3416,1014.3
0.3417,1014.2
0.3418,1014.1
0.3419,1014
0.342,1014
0.3421,1013.9
0.3422,1013.8
0.3423,1013.7
0.3424,1013.6
0.3425,1013.6
0.3426,1013.5
0.3427,1013.4
0.3428,1013.3
0.3429,1013.2
0.343,1013.1
0.3431,1013.1
0.3432,1013
0.3433,1012.9
0.3434,1012.8
0.3435,1012.7
0.3436,1012.7
0.3437,1012.6
0.3438,1012.5
0.3439,1012.4
0.344,1012.4
0.3441,1012.3
0.3442,1012.2
0.3443,1012.1
0.3444,1012
0.3445,1012
0.3446,1011.9
0.3447,1011.8
0.3448,1011.7
0.3449,1011.7
0.345,1011.6
0.3451,1011.5
0.3452,1011.5
0.3453,1011.4
0.3454,1011.3
0.3455,1011.2
0.3456,1011.2
0.3457,1011.1
0.3458,1011
0.3459,1011
0.346,1010.9
0.3461,1010.8
0.3462,1010.8
0.3463,1010.7
0.3464,1010.6
0.3465,1010.6
0.3466,1010.5
0.3467,1010.4
0.3468,1010.4
0.3469,1010.3
0.347,1010.2
0.3471,1010.2
0.3472,1010.1
0.3473,1010.1
0.3474,1010
0.3475,1009.9
0.3476,1009.9
0.3477,1009.8
0.3478,1009.7
0.3479,1009.7
0.348,1009.6
0.3481,1009.6
0.3482,1009.5
0.3483,1009.4
0.3484,1009.4
0.3485,1009.3
0.3486,1009.2
0.3487,1009.2
0.3488,1009.1
0.3489,1009
0.349,1009
0.3491,1008.9
0.3492,1008.9
0.3493,1008.8
0.3494,1008.7
0.3495,1008.7
0.3496,1008.6
0.3497,1008.5
0.3498,1008.5
0.3499,1008.4
0.35,1008.3
0.3501,1008.3
0.3502,1008.2
0.3503,1008.1
0.3504,1008.1
0.3505,1008
0.3506,1007.9
0.3507,1007.9
0.3508,1007.8
0.3509,1007.7
0.351,1007.7
0.3511,1007.6
0.3512,1007.5
0.3513,1007.5
0.3514,1007.4
0.3515,1007.3
0.3516,1007.3
0.3517,1007.2
0.3518,1007.1
0.3519,1007.1
0.352,1007
0.3521,1006.9
0.3522,1006.9
0.3523,1006.8
0.3524,1006.7
0.3525,1006.7
0.3526,1006.6
0.3527,1006.6
0.3528,1006.5
0.3529,1006.4
0.353,1006.4
0.3531,1006.3
0.3532,1006.2
0.3533,1006.2
0.3534,1006.1
0.3535,1006
0.3536,1006
0.3537,1005.9
0.3538,1005.9
0.3539,1005.8
0.354,1005.7
0.3541,1005.7
0.3542,1005.6
0.3543,1005.6
0.3544,1005.5
0.3545,1005.4
0.3546,1005.4
0.3547,1005.3
0.3548,1005.3
0.3549,1005.2
0.355,1005.2
0.3551,1005.1
0.3552,1005
0.3553,1005
0.3554,1004.9
0.3555,1004.9
0.3556,1004.8
0.3557,1004.8
0.3558,1004.7
0.3559,1004.7
0.356,1004.6
0.3561,1004.6
0.3562,1004.5
0.3563,1004.4
0.3564,1004.4
0.3565,1004.3
0.3566,1004.3
0.3567,1004.2
0.3568,1004.2
0.3569,1004.1
0.357,1004.1
0.3571,1004
0.3572,1004
0.3573,1003.9
0.3574,1003.9
0.3575,1003.8
0.3576,1003.8
0.3577,1003.7
0.3578,1003.7
0.3579,1003.6
0.358,1003.6
0.3581,1003.5
0.3582,1003.5
0.3583,1003.4
0.3584,1003.4
0.3585,1003.3
0.3586,1003.3
0.3587,1003.2
0.3588,1003.2
0.3589,1003.1
0.359,1003.1
0.3591,1003
0.3592,1003
0.3593,1002.9
0.3594,1002.9
0.3595,1002.8
0.3596,1002.8
0.3597,1002.7
0.3598,1002.7
0.3599,1002.6
0.36,1002.6
0.3601,1002.5
0.3602,1002.5
0.3603,1002.4
0.3604,1002.4
0.3605,1002.3
0.3606,1002.3
0.3607,1002.2
0.3608,1002.2
0.3609,1002.2
0.361,1002.1
0.3611,1002.1
0.3612,1002
0.3613,1002
0.3614,1001.9
0.3615,1001.9
0.3616,1001.8
0.3617,1001.8
0.3618,1001.7
0.3619,1001.7
0.362,1001.6
0.3621,1001.6
0.3622,1001.6
0.3623,1001.5
0.3624,1001.5
0.3625,1001.4
0.3626,1001.4
0.3627,1001.3
0.3628,1001.3
0.3629,1001.2
0.363,1001.2
0.3631,1001.2
0.3632,1001.1
0.3633,1001.1
0.3634,1001
0.3635,1001
0.3636,1001
0.3637,1000.9
0.3638,1000.9
0.3639,1000.8
0.364,1000.8
0.3641,1000.8
0.3642,1000.7
0.3643,1000.7
0.3644,1000.6
0.3645,1000.6
0.3646,1000.6
0.3647,1000.5
0.3648,1000.5
0.3649,1000.4
0.365,1000.4
0.3651,1000.4
0.3652,1000.3
0.3653,1000.3
0.3654,1000.3
0.3655,1000.2
0.3656,1000.2
0.3657,1000.1
0.3658,1000.1
0.3659,1000.1
0.366,1000
0.3661,1000
0.3662,999.96
0.3663,999.93
0.3664,999.89
0.3665,999.86
0.3666,999.82
0.3667,999.78
0.3668,999.75
0.3669,999.71
0.367,999.68
0.3671,999.64
0.3672,999.61
0.3673,999.57
0.3674,999.54
0.3675,999.5
0.3676,999.46
0.3677,999.43
0.3678,999.39
0.3679,999.36
0.368,999.32
0.3681,999.28
0.3682,999.25
0.3683,999.21
0.3684,999.18
0.3685,999.14
0.3686,999.11
0.3687,999.07
0.3688,999.03
0.3689,999
0.369,998.96
0.3691,998.93
0.3692,998.89
0.3693,998.86
0.3694,998.82
0.3695,998.79
0.3696,998.75
0.3697,998.72
0.3698,998.68
0.3699,998.65
0.37,998.61
0.3701,998.58
0.3702,998.54
0.3703,998.51
0.3704,998.47
0.3705,998.44
0.3706,998.4
0.3707,998.37
0.3708,998.33
0.3709,998.3
0.371,998.27
0.3711,998.23
0.3712,998.2
0.3713,998.16
0.3714,998.13
0.3715,998.09
0.3716,998.06
0.3717,998.03
0.3718,997.99
0.3719,997.96
0.372,997.92
0.3721,997.89
0.3722,997.86
0.3723,997.82
0.3724,997.79
0.3725,997.75
0.3726,997.72
0.3727,997.69
0.3728,997.65
0.3729,997.62
0.373,997.58
0.3731,997.55
0.3732,997.52
0.3733,997.48
0.3734,997.45
0.3735,997.41
0.3736,997.38
0.3737,997.34
0.3738,997.31
0.3739,997.27
0.374,997.24
0.3741,997.2
0.3742,997.17
0.3743,997.14
0.3744,997.1
0.3745,997.07
0.3746,997.03
0.3747,997
0.3748,996.96
0.3749,996.93
0.375,996.9
0.3751,996.86
0.3752,996.83
0.3753,996.8
0.3754,996.76
0.3755,996.73
0.3756,996.7
0.3757,996.66
0.3758,996.63
0.3759,996.6
0.376,996.57
0.3761,996.54
0.3762,996.5
0.3763,996.47
0.3764,996.44
0.3765,996.41
0.3766,996.38
0.3767,996.35
0.3768,996.32
0.3769,996.29
0.377,996.26
0.3771,996.24
0.3772,996.21
0.3773,996.18
0.3774,996.15
0.3775,996.13
0.3776,996.1
0.3777,996.07
0.3778,996.05
0.3779,996.02
0.378,995.99
0.3781,995.97
0.3782,995.94
0.3783,995.92
0.3784,995.89
0.3785,995.87
0.3786,995.84
0.3787,995.82
0.3788,995.79
0.3789,995.77
0.379,995.74
0.3791,995.72
0.3792,995.69
0.3793,995.67
0.3794,995.65
0.3795,995.62
0.3796,995.6
0.3797,995.58
0.3798,995.55
0.3799,995.53
0.38,995.51
0.3801,995.48
0.3802,995.46
0.3803,995.44
0.3804,995.41
0.3805,995.39
0.3806,995.37
0.3807,995.34
0.3808,995.32
0.3809,995.3
0.381,995.28
0.3811,995.25
0.3812,995.23
0.3813,995.21
0.3814,995.18
0.3815,995.16
0.3816,995.14
0.3817,995.12
0.3818,995.09
0.3819,995.07
0.382,995.05
0.3821,995.02
0.3822,995
0.3823,994.97
0.3824,994.95
0.3825,994.93
0.3826,994.9
0.3827,994.88
0.3828,994.85
0.3829,994.83
0.383,994.8
0.3831,994.78
0.3832,994.76
0.3833,994.73
0.3834,994.71
0.3835,994.68
0.3836,994.66
0.3837,994.63
0.3838,994.61
0.3839,994.59
0.384,994.56
0.3841,994.54
0.3842,994.52
0.3843,994.49
0.3844,994.47
0.3845,994.45
0.3846,994.43
0.3847,994.4
0.3848,994.38
0.3849,994.36
0.385,994.34
0.3851,994.32
0.3852,994.3
0.3853,994.28
0.3854,994.26
0.3855,994.24
0.3856,994.22
0.3857,994.2
0.3858,994.19
0.3859,994.17
0.386,994.15
0.3861,994.14
0.3862,994.12
0.3863,994.11
0.3864,994.09
0.3865,994.08
0.3866,994.06
0.3867,994.05
0.3868,994.04
0.3869,994.02
0.387,994.01
0.3871,994
0.3872,993.98
0.3873,993.97
0.3874,993.96
0.3875,993.95
0.3876,993.94
0.3877,993.92
0.3878,993.91
0.3879,993.9
0.388,993.89
0.3881,993.88
0.3882,993.87
0.3883,993.86
0.3884,993.85
0.3885,993.84
0.3886,993.83
0.3887,993.82
0.3888,993.81
0.3889,993.8
0.389,993.79
0.3891,993.78
0.3892,993.77
0.3893,993.76
0.3894,993.75
0.3895,993.74
0.3896,993.73
0.3897,993.72
0.3898,993.71
0.3899,993.7
0.39,993.69
0.3901,993.68
0.3902,993.67
0.3903,993.66
0.3904,993.65
0.3905,993.64
0.3906,993.63
0.3907,993.62
0.3908,993.61
0.3909,993.6
0.391,993.59
0.3911,993.58
0.3912,993.57
0.3913,993.56
0.3914,993.55
0.3915,993.54
0.3916,993.53
0.3917,993.52
0.3918,993.51
0.3919,993.51
0.392,993.5
0.3921,993.49
0.3922,993.48
0.3923,993.47
0.3924,993.46
0.3925,993.45
0.3926,993.44
0.3927,993.43
0.3928,993.42
0.3929,993.41
0.393,993.4
0.3931,993.4
0.3932,993.39
0.3933,993.38
0.3934,993.37
0.3935,993.36
0.3936,993.35
0.3937,993.34
0.3938,993.33
0.3939,993.33
0.394,993.32
0.3941,993.31
0.3942,993.3
0.3943,993.29
0.3944,993.28
0.3945,993.27
0.3946,993.26
0.3947,993.26
0.3948,993.25
0.3949,993.24
0.395,993.23
0.3951,993.22
0.3952,993.21
0.3953,993.2
0.3954,993.19
0.3955,993.19
0.3956,993.18
0.3957,993.17
0.3958,993.16
0.3959,993.15
0.396,993.14
0.3961,993.13
0.3962,993.12
0.3963,993.1
0.3964,993.09
0.3965,993.08
0.3966,993.07
0.3967,993.06
0.3968,993.05
0.3969,993.04
0.397,993.03
0.3971,993.01
0.3972,993
0.3973,992.99
0.3974,992.98
0.3975,992.97
0.3976,992.96
0.3977,992.95
0.3978,992.94
0.3979,992.93
0.398,992.92
0.3981,992.91
0.3982,992.9
0.3983,992.89
0.3984,992.88
0.3985,992.87
0.3986,992.86
0.3987,992.85
0.3988,992.85
0.3989,992.84
0.399,992.83
0.3991,992.83
0.3992,992.82
0.3993,992.82
0.3994,992.81
0.3995,992.81
0.3996,992.81
0.3997,992.8
0.3998,992.8
0.3999,992.8
0.4,992.8
0.4001,992.8
0.4002,992.8
0.4003,992.8
0.4004,992.8
0.4005,992.8
0.4006,992.8
0.4007,992.8
0.4008,992.8
0.4009,992.81
0.401,992.81
0.4011,992.81
0.4012,992.81
0.4013,992.81
0.4014,992.81
0.4015,992.82
0.4016,992.82
0.4017,992.82
0.4018,992.82
0.4019,992.83
0.402,992.83
0.4021,992.83
0.4022,992.84
0.4023,992.84
0.4024,992.84
0.4025,992.85
0.4026,992.85
0.4027,992.85
0.4028,992.86
0.4029,992.86
0.403,992.86
0.4031,992.87
0.4032,992.87
0.4033,992.87
0.4034,992.88
0.4035,992.88
0.4036,992.89
0.4037,992.89
0.4038,992.9
0.4039,992.9
0.404,992.9
0.4041,992.91
0.4042,992.91
0.4043,992.92
0.4044,992.92
0.4045,992.93
0.4046,992.93
0.4047,992.94
0.4048,992.94
0.4049,992.95
0.405,992.96
0.4051,992.96
0.4052,992.97
0.4053,992.98
0.4054,992.99
0.4055,993
0.4056,993.01
0.4057,993.02
0.4058,993.03
0.4059,993.04
0.406,993.05
0.4061,993.06
0.4062,993.07
0.4063,993.09
0.4064,993.1
0.4065,993.11
0.4066,993.12
0.4067,993.14
0.4068,993.15
0.4069,993.16
0.407,993.18
0.4071,993.19
0.4072,993.21
0.4073,993.22
0.4074,993.23
0.4075,993.25
0.4076,993.26
0.4077,993.28
0.4078,993.29
0.4079,993.31
0.408,993.32
0.4081,993.33
0.4082,993.35
0.4083,993.36
0.4084,993.38
0.4085,993.39
0.4086,993.4
0.4087,993.42
0.4088,993.43
0.4089,993.44
0.409,993.46
0.4091,993.47
0.4092,993.48
0.4093,993.49
0.4094,993.51
0.4095,993.52
0.4096,993.53
0.4097,993.54
0.4098,993.55
0.4099,993.57
0.41,993.58
0.4101,993.59
0.4102,993.6
0.4103,993.61
0.4104,993.62
0.4105,993.64
0.4106,993.65
0.4107,993.66
0.4108,993.67
0.4109,993.68
0.411,993.69
0.4111,993.71
0.4112,993.72
0.4113,993.73
0.4114,993.74
0.4115,993.75
0.4116,993.77
0.4117,993.78
0.4118,993.79
0.4119,993.8
0.412,993.82
0.4121,993.83
0.4122,993.84
0.4123,993.86
0.4124,993.87
0.4125,993.88
0.4126,993.9
0.4127,993.91
0.4128,993.92
0.4129,993.94
0.413,993.95
0.4131,993.97
0.4132,993.98
0.4133,994
0.4134,994.01
0.4135,994.03
0.4136,994.04
0.4137,994.06
0.4138,994.08
0.4139,994.1
0.414,994.11
0.4141,994.13
0.4142,994.15
0.4143,994.17
0.4144,994.19
0.4145,994.21
0.4146,994.24
0.4147,994.26
0.4148,994.28
0.4149,994.3
0.415,994.33
0.4151,994.35
0.4152,994.37
0.4153,994.4
0.4154,994.42
0.4155,994.45
0.4156,994.47
0.4157,994.5
0.4158,994.52
0.4159,994.55
0.416,994.57
0.4161,994.6
0.4162,994.62
0.4163,994.65
0.4164,994.67
0.4165,994.7
0.4166,994.72
0.4167,994.75
0.4168,994.77
0.4169,994.8
0.417,994.82
0.4171,994.85
0.4172,994.87
0.4173,994.9
0.4174,994.92
0.4175,994.94
0.4176,994.97
0.4177,994.99
0.4178,995.01
0.4179,995.03
0.418,995.05
0.4181,995.07
0.4182,995.09
0.4183,995.11
0.4184,995.13
0.4185,995.15
0.4186,995.17
0.4187,995.19
0.4188,995.2
0.4189,995.22
0.419,995.24
0.4191,995.26
0.4192,995.27
0.4193,995.29
0.4194,995.31
0.4195,995.33
0.4196,995.34
0.4197,995.36
0.4198,995.38
0.4199,995.39
0.42,995.41
0.4201,995.42
0.4202,995.44
0.4203,995.46
0.4204,995.47
0.4205,995.49
0.4206,995.5
0.4207,995.52
0.4208,995.53
0.4209,995.55
0.421,995.57
0.4211,995.58
0.4212,995.6
0.4213,995.61
0.4214,995.63
0.4215,995.64
0.4216,995.66
0.4217,995.68
0.4218,995.69
0.4219,995.71
0.422,995.73
0.4221,995.74
0.4222,995.76
0.4223,995.78
0.4224,995.79
0.4225,995.81
0.4226,995.83
0.4227,995.84
0.4228,995.86
0.4229,995.88
0.423,995.9
0.4231,995.92
0.4232,995.94
0.4233,995.95
0.4234,995.97
0.4235,995.99
0.4236,996.02
0.4237,996.04
0.4238,996.06
0.4239,996.08
0.424,996.1
0.4241,996.12
0.4242,996.14
0.4243,996.16
0.4244,996.18
0.4245,996.21
0.4246,996.23
0.4247,996.25
0.4248,996.27
0.4249,996.29
0.425,996.31
0.4251,996.34
0.4252,996.36
0.4253,996.38
0.4254,996.4
0.4255,996.42
0.4256,996.44
0.4257,996.46
0.4258,996.48
0.4259,996.5
0.426,996.52
0.4261,996.54
0.4262,996.56
0.4263,996.57
0.4264,996.59
0.4265,996.61
0.4266,996.63
0.4267,996.64
0.4268,996.66
0.4269,996.67
0.427,996.69
0.4271,996.7
0.4272,996.71
0.4273,996.73
0.4274,996.74
0.4275,996.75
0.4276,996.76
0.4277,996.77
0.4278,996.78
0.4279,996.79
0.428,996.8
0.4281,996.81
0.4282,996.82
0.4283,996.83
0.4284,996.84
0.4285,996.85
0.4286,996.86
0.4287,996.86
0.4288,996.87
0.4289,996.88
0.429,996.89
0.4291,996.9
0.4292,996.9
0.4293,996.91
0.4294,996.92
0.4295,996.93
0.4296,996.94
0.4297,996.94
0.4298,996.95
0.4299,996.96
0.43,996.96
0.4301,996.97
0.4302,996.98
0.4303,996.99
0.4304,996.99
0.4305,997
0.4306,997.01
0.4307,997.01
0.4308,997.02
0.4309,997.03
0.431,997.03
0.4311,997.04
0.4312,997.05
0.4313,997.06
0.4314,997.06
0.4315,997.07
0.4316,997.08
0.4317,997.09
0.4318,997.09
0.4319,997.1
0.432,997.11
0.4321,997.12
0.4322,997.13
0.4323,997.13
0.4324,997.14
0.4325,997.15
0.4326,997.16
0.4327,997.17
0.4328,997.18
0.4329,997.18
0.433,997.19
0.4331,997.2
0.4332,997.21
0.4333,997.22
0.4334,997.23
0.4335,997.24
0.4336,997.25
0.4337,997.25
0.4338,997.26
0.4339,997.27
0.434,997.28
0.4341,997.29
0.4342,997.3
0.4343,997.31
0.4344,997.31
0.4345,997.32
0.4346,997.33
0.4347,997.34
0.4348,997.35
0.4349,997.35
0.435,997.36
0.4351,997.37
0.4352,997.38
0.4353,997.38
0.4354,997.39
0.4355,997.4
0.4356,997.4
0.4357,997.41
0.4358,997.42
0.4359,997.42
0.436,997.43
0.4361,997.43
0.4362,997.44
0.4363,997.44
0.4364,997.45
0.4365,997.45
0.4366,997.46
0.4367,997.46
0.4368,997.47
0.4369,997.47
0.437,997.47
0.4371,997.48
0.4372,997.48
0.4373,997.49
0.4374,997.49
0.4375,997.49
0.4376,997.5
0.4377,997.5
0.4378,997.51
0.4379,997.51
0.438,997.51
0.4381,997.52
0.4382,997.52
0.4383,997.53
0.4384,997.53
0.4385,997.53
0.4386,997.54
0.4387,997.54
0.4388,997.54
0.4389,997.55
0.439,997.55
0.4391,997.55
0.4392,997.55
0.4393,997.56
0.4394,997.56
0.4395,997.56
0.4396,997.56
0.4397,997.57
0.4398,997.57
0.4399,997.57
0.44,997.57
0.4401,997.58
0.4402,997.58
0.4403,997.58
0.4404,997.58
0.4405,997.58
0.4406,997.58
0.4407,997.58
0.4408,997.58
0.4409,997.58
0.441,997.58
0.4411,997.58
0.4412,997.58
0.4413,997.58
0.4414,997.58
0.4415,997.58
0.4416,997.58
0.4417,997.58
0.4418,997.58
0.4419,997.58
0.442,997.58
0.4421,997.58
0.4422,997.58
0.4423,997.58
0.4424,997.58
0.4425,997.58
0.4426,997.58
0.4427,997.58
0.4428,997.58
0.4429,997.58
0.443,997.58
0.4431,997.58
0.4432,997.58
0.4433,997.58
0.4434,997.58
0.4435,997.58
0.4436,997.58
0.4437,997.58
0.4438,997.58
0.4439,997.58
0.444,997.58
0.4441,997.58
0.4442,997.58
0.4443,997.58
0.4444,997.58
0.4445,997.58
0.4446,997.58
0.4447,997.58
0.4448,997.58
0.4449,997.58
0.445,997.58
0.4451,997.58
0.4452,997.58
0.4453,997.58
0.4454,997.58
0.4455,997.58
0.4456,997.58
0.4457,997.58
0.4458,997.58
0.4459,997.59
0.446,997.59
0.4461,997.59
0.4462,997.59
0.4463,997.6
0.4464,997.6
0.4465,997.6
0.4466,997.61
0.4467,997.62
0.4468,997.62
0.4469,997.63
0.447,997.63
0.4471,997.64
0.4472,997.65
0.4473,997.65
0.4474,997.66
0.4475,997.67
0.4476,997.68
0.4477,997.69
0.4478,997.7
0.4479,997.7
0.448,997.71
0.4481,997.72
0.4482,997.73
0.4483,997.74
0.4484,997.75
0.4485,997.76
0.4486,997.77
0.4487,997.77
0.4488,997.78
0.4489,997.79
0.449,997.8
0.4491,997.81
0.4492,997.82
0.4493,997.83
0.4494,997.83
0.4495,997.84
0.4496,997.85
0.4497,997.86
0.4498,997.86
0.4499,997.87
0.45,997.88
0.4501,997.88
0.4502,997.89
0.4503,997.89
0.4504,997.9
0.4505,997.9
0.4506,997.91
0.4507,997.91
0.4508,997.92
0.4509,997.92
0.451,997.93
0.4511,997.93
0.4512,997.93
0.4513,997.94
0.4514,997.94
0.4515,997.95
0.4516,997.95
0.4517,997.95
0.4518,997.96
0.4519,997.96
0.452,997.96
0.4521,997.97
0.4522,997.97
0.4523,997.98
0.4524,997.98
0.4525,997.98
0.4526,997.99
0.4527,997.99
0.4528,997.99
0.4529,998
0.453,998
0.4531,998.01
0.4532,998.01
0.4533,998.01
0.4534,998.02
0.4535,998.02
0.4536,998.03
0.4537,998.03
0.4538,998.03
0.4539,998.04
0.454,998.04
0.4541,998.05
0.4542,998.05
0.4543,998.06
0.4544,998.06
0.4545,998.07
0.4546,998.07
0.4547,998.08
0.4548,998.09
0.4549,998.09
0.455,998.1
0.4551,998.1
0.4552,998.11
0.4553,998.12
0.4554,998.13
0.4555,998.13
0.4556,998.14
0.4557,998.15
0.4558,998.16
0.4559,998.17
0.456,998.17
0.4561,998.18
0.4562,998.19
0.4563,998.2
0.4564,998.21
0.4565,998.22
0.4566,998.23
0.4567,998.24
0.4568,998.25
0.4569,998.26
0.457,998.27
0.4571,998.28
0.4572,998.29
0.4573,998.3
0.4574,998.31
0.4575,998.32
0.4576,998.33
0.4577,998.34
0.4578,998.35
0.4579,998.36
0.458,998.37
0.4581,998.38
0.4582,998.39
0.4583,998.4
0.4584,998.41
0.4585,998.42
0.4586,998.43
0.4587,998.44
0.4588,998.45
0.4589,998.46
0.459,998.47
0.4591,998.48
0.4592,998.48
0.4593,998.49
0.4594,998.5
0.4595,998.51
0.4596,998.52
0.4597,998.53
0.4598,998.54
0.4599,998.55
0.46,998.56
0.4601,998.56
0.4602,998.57
0.4603,998.58
0.4604,998.59
0.4605,998.6
0.4606,998.61
0.4607,998.62
0.4608,998.63
0.4609,998.63
0.461,998.64
0.4611,998.65
0.4612,998.66
0.4613,998.67
0.4614,998.68
0.4615,998.69
0.4616,998.69
0.4617,998.7
0.4618,998.71
0.4619,998.72
0.462,998.73
0.4621,998.74
0.4622,998.75
0.4623,998.76
0.4624,998.77
0.4625,998.77
0.4626,998.78
0.4627,998.79
0.4628,998.8
0.4629,998.81
0.463,998.82
0.4631,998.83
0.4632,998.84
0.4633,998.85
0.4634,998.86
0.4635,998.87
0.4636,998.88
0.4637,998.89
0.4638,998.9
0.4639,998.91
0.464,998.92
0.4641,998.93
0.4642,998.94
0.4643,998.95
0.4644,998.96
0.4645,998.97
0.4646,998.99
0.4647,999
0.4648,999.01
0.4649,999.02
0.465,999.03
0.4651,999.04
0.4652,999.05
0.4653,999.07
0.4654,999.08
0.4655,999.09
0.4656,999.1
0.4657,999.11
0.4658,999.13
0.4659,999.14
0.466,999.15
0.4661,999.16
0.4662,999.17
0.4663,999.19
0.4664,999.2
0.4665,999.21
0.4666,999.22
0.4667,999.24
0.4668,999.25
0.4669,999.26
0.467,999.27
0.4671,999.29
0.4672,999.3
0.4673,999.31
0.4674,999.32
0.4675,999.34
0.4676,999.35
0.4677,999.36
0.4678,999.37
0.4679,999.39
0.468,999.4
0.4681,999.41
0.4682,999.42
0.4683,999.43
0.4684,999.45
0.4685,999.46
0.4686,999.47
0.4687,999.48
0.4688,999.49
0.4689,999.51
0.469,999.52
0.4691,999.53
0.4692,999.54
0.4693,999.55
0.4694,999.56
0.4695,999.58
0.4696,999.59
0.4697,999.6
0.4698,999.61
0.4699,999.62
0.47,999.63
0.4701,999.65
0.4702,999.66
0.4703,999.67
0.4704,999.68
0.4705,999.69
0.4706,999.7
0.4707,999.71
0.4708,999.73
0.4709,999.74
0.471,999.75
0.4711,999.76
0.4712,999.77
0.4713,999.79
0.4714,999.8
0.4715,999.81
0.4716,999.82
0.4717,999.83
0.4718,999.85
0.4719,999.86
0.472,999.87
0.4721,999.88
0.4722,999.89
0.4723,999.91
0.4724,999.92
0.4725,999.93
0.4726,999.94
0.4727,999.96
0.4728,999.97
0.4729,999.98
0.473,999.99
0.4731,1000
0.4732,1000
0.4733,1000
0.4734,1000
0.4735,1000.1
0.4736,1000.1
0.4737,1000.1
0.4738,1000.1
0.4739,1000.1
0.474,1000.1
0.4741,1000.1
0.4742,1000.1
0.4743,1000.2
0.4744,1000.2
0.4745,1000.2
0.4746,1000.2
0.4747,1000.2
0.4748,1000.2
0.4749,1000.2
0.475,1000.3
0.4751,1000.3
0.4752,1000.3
0.4753,1000.3
0.4754,1000.3
0.4755,1000.3
0.4756,1000.3
0.4757,1000.4
0.4758,1000.4
0.4759,1000.4
0.476,1000.4
0.4761,1000.4
0.4762,1000.4
0.4763,1000.4
0.4764,1000.4
0.4765,1000.5
0.4766,1000.5
0.4767,1000.5
0.4768,1000.5
0.4769,1000.5
0.477,1000.5
0.4771,1000.6
0.4772,1000.6
0.4773,1000.6
0.4774,1000.6
0.4775,1000.6
0.4776,1000.6
0.4777,1000.6
0.4778,1000.7
0.4779,1000.7
0.478,1000.7
0.4781,1000.7
0.4782,1000.7
0.4783,1000.7
0.4784,1000.8
0.4785,1000.8
0.4786,1000.8
0.4787,1000.8
0.4788,1000.8
0.4789,1000.8
0.479,1000.9
0.4791,1000.9
0.4792,1000.9
0.4793,1000.9
0.4794,1000.9
0.4795,1001
0.4796,1001
0.4797,1001
0.4798,1001
0.4799,1001
0.48,1001
0.4801,1001.1
0.4802,1001.1
0.4803,1001.1
0.4804,1001.1
0.4805,1001.1
0.4806,1001.2
0.4807,1001.2
0.4808,1001.2
0.4809,1001.2
0.481,1001.2
0.4811,1001.2
0.4812,1001.3
0.4813,1001.3
0.4814,1001.3
0.4815,1001.3
0.4816,1001.3
0.4817,1001.4
0.4818,1001.4
0.4819,1001.4
0.482,1001.4
0.4821,1001.4
0.4822,1001.4
0.4823,1001.5
0.4824,1001.5
0.4825,1001.5
0.4826,1001.5
0.4827,1001.5
0.4828,1001.5
0.4829,1001.6
0.483,1001.6
0.4831,1001.6
0.4832,1001.6
0.4833,1001.6
0.4834,1001.6
0.4835,1001.7
0.4836,1001.7
0.4837,1001.7
0.4838,1001.7
0.4839,1001.7
0.484,1001.7
0.4841,1001.8
0.4842,1001.8
0.4843,1001.8
0.4844,1001.8
0.4845,1001.8
0.4846,1001.8
0.4847,1001.9
0.4848,1001.9
0.4849,1001.9
0.485,1001.9
0.4851,1001.9
0.4852,1001.9
0.4853,1002
0.4854,1002
0.4855,1002
0.4856,1002
0.4857,1002
0.4858,1002.1
0.4859,1002.1
0.486,1002.1
0.4861,1002.1
0.4862,1002.1
0.4863,1002.1
0.4864,1002.2
0.4865,1002.2
0.4866,1002.2
0.4867,1002.2
0.4868,1002.2
0.4869,1002.2
0.487,1002.3
0.4871,1002.3
0.4872,1002.3
0.4873,1002.3
0.4874,1002.3
0.4875,1002.4
0.4876,1002.4
0.4877,1002.4
0.4878,1002.4
0.4879,1002.4
0.488,1002.5
0.4881,1002.5
0.4882,1002.5
0.4883,1002.5
0.4884,1002.5
0.4885,1002.5
0.4886,1002.6
0.4887,1002.6
0.4888,1002.6
0.4889,1002.6
0.489,1002.6
0.4891,1002.7
0.4892,1002.7
0.4893,1002.7
0.4894,1002.7
0.4895,1002.7
0.4896,1002.8
0.4897,1002.8
0.4898,1002.8
0.4899,1002.8
0.49,1002.8
0.4901,1002.9
0.4902,1002.9
0.4903,1002.9
0.4904,1002.9
0.4905,1002.9
0.4906,1003
0.4907,1003
0.4908,1003
0.4909,1003
0.491,1003
0.4911,1003.1
0.4912,1003.1
0.4913,1003.1
0.4914,1003.1
0.4915,1003.2
0.4916,1003.2
0.4917,1003.2
0.4918,1003.2
0.4919,1003.2
0.492,1003.3
0.4921,1003.3
0.4922,1003.3
0.4923,1003.3
0.4924,1003.4
0.4925,1003.4
0.4926,1003.4
0.4927,1003.4
0.4928,1003.4
0.4929,1003.5
0.493,1003.5
0.4931,1003.5
0.4932,1003.5
0.4933,1003.6
0.4934,1003.6
0.4935,1003.6
0.4936,1003.6
0.4937,1003.7
0.4938,1003.7
0.4939,1003.7
0.494,1003.7
0.4941,1003.7
0.4942,1003.8
0.4943,1003.8
0.4944,1003.8
0.4945,1003.8
0.4946,1003.9
0.4947,1003.9
0.4948,1003.9
0.4949,1003.9
0.495,1004
0.4951,1004
0.4952,1004
0.4953,1004
0.4954,1004.1
0.4955,1004.1
0.4956,1004.1
0.4957,1004.1
0.4958,1004.2
0.4959,1004.2
0.496,1004.2
0.4961,1004.2
0.4962,1004.3
0.4963,1004.3
0.4964,1004.3
0.4965,1004.3
0.4966,1004.4
0.4967,1004.4
0.4968,1004.4
0.4969,1004.4
0.497,1004.5
0.4971,1004.5
0.4972,1004.5
0.4973,1004.5
0.4974,1004.6
0.4975,1004.6
0.4976,1004.6
0.4977,1004.6
0.4978,1004.7
0.4979,1004.7
0.498,1004.7
0.4981,1004.7
0.4982,1004.8
0.4983,1004.8
0.4984,1004.8
0.4985,1004.8
0.4986,1004.9
0.4987,1004.9
0.4988,1004.9
0.4989,1004.9
0.499,1005
0.4991,1005
0.4992,1005
0.4993,1005
0.4994,1005.1
0.4995,1005.1
0.4996,1005.1
0.4997,1005.2
0.4998,1005.2
0.4999,1005.2
0.5,1005.2
0.5001,1005.3
0.5002,1005.3
0.5003,1005.3
0.5004,1005.3
0.5005,1005.4
0.5006,1005.4
0.5007,1005.4
0.5008,1005.5
0.5009,1005.5
0.501,1005.5
0.5011,1005.5
0.5012,1005.6
0.5013,1005.6
0.5014,1005.6
0.5015,1005.6
0.5016,1005.7
0.5017,1005.7
0.5018,1005.7
0.5019,1005.8
0.502,1005.8
0.5021,1005.8
0.5022,1005.8
0.5023,1005.9
0.5024,1005.9
0.5025,1005.9
0.5026,1006
0.5027,1006
0.5028,1006
0.5029,1006
0.503,1006.1
0.5031,1006.1
0.5032,1006.1
0.5033,1006.2
0.5034,1006.2
0.5035,1006.2
0.5036,1006.2
0.5037,1006.3
0.5038,1006.3
0.5039,1006.3
0.504,1006.4
0.5041,1006.4
0.5042,1006.4
0.5043,1006.5
0.5044,1006.5
0.5045,1006.5
0.5046,1006.5
0.5047,1006.6
0.5048,1006.6
0.5049,1006.6
0.505,1006.7
0.5051,1006.7
0.5052,1006.7
0.5053,1006.7
0.5054,1006.8
0.5055,1006.8
0.5056,1006.8
0.5057,1006.9
0.5058,1006.9
0.5059,1006.9
0.506,1007
0.5061,1007
0.5062,1007
0.5063,1007
0.5064,1007.1
0.5065,1007.1
0.5066,1007.1
0.5067,1007.2
0.5068,1007.2
0.5069,1007.2
0.507,1007.3
0.5071,1007.3
0.5072,1007.3
0.5073,1007.4
0.5074,1007.4
0.5075,1007.4
0.5076,1007.4
0.5077,1007.5
0.5078,1007.5
0.5079,1007.5
0.508,1007.6
0.5081,1007.6
0.5082,1007.6
0.5083,1007.7
0.5084,1007.7
0.5085,1007.7
0.5086,1007.8
0.5087,1007.8
0.5088,1007.8
0.5089,1007.9
0.509,1007.9
0.5091,1007.9
0.5092,1008
0.5093,1008
0.5094,1008
0.5095,1008.1
0.5096,1008.1
0.5097,1008.1
0.5098,1008.1
0.5099,1008.2
0.51,1008.2
0.5101,1008.2
0.5102,1008.3
0.5103,1008.3
0.5104,1008.4
0.5105,1008.4
0.5106,1008.4
0.5107,1008.5
0.5108,1008.5
0.5109,1008.5
0.511,1008.6
0.5111,1008.6
0.5112,1008.6
0.5113,1008.7
0.5114,1008.7
0.5115,1008.7
0.5116,1008.8
0.5117,1008.8
0.5118,1008.8
0.5119,1008.9
0.512,1008.9
0.5121,1008.9
0.5122,1009
0.5123,1009
0.5124,1009
0.5125,1009.1
0.5126,1009.1
0.5127,1009.2
0.5128,1009.2
0.5129,1009.2
0.513,1009.3
0.5131,1009.3
0.5132,1009.3
0.5133,1009.4
0.5134,1009.4
0.5135,1009.4
0.5136,1009.5
0.5137,1009.5
0.5138,1009.5
0.5139,1009.6
0.514,1009.6
0.5141,1009.6
0.5142,1009.7
0.5143,1009.7
0.5144,1009.8
0.5145,1009.8
0.5146,1009.8
0.5147,1009.9
0.5148,1009.9
0.5149,1009.9
0.515,1010
0.5151,1010
0.5152,1010
0.5153,1010.1
0.5154,1010.1
0.5155,1010.1
0.5156,1010.2
0.5157,1010.2
0.5158,1010.2
0.5159,1010.3
0.516,1010.3
0.5161,1010.3
0.5162,1010.4
0.5163,1010.4
0.5164,1010.4
0.5165,1010.5
0.5166,1010.5
0.5167,1010.6
0.5168,1010.6
0.5169,1010.6
0.517,1010.7
0.5171,1010.7
0.5172,1010.7
0.5173,1010.8
0.5174,1010.8
0.5175,1010.8
0.5176,1010.9
0.5177,1010.9
0.5178,1010.9
0.5179,1011
0.518,1011
0.5181,1011.1
0.5182,1011.1
0.5183,1011.1
0.5184,1011.2
0.5185,1011.2
0.5186,1011.2
0.5187,1011.3
0.5188,1011.3
0.5189,1011.3
0.519,1011.4
0.5191,1011.4
0.5192,1011.5
0.5193,1011.5
0.5194,1011.5
0.5195,1011.6
0.5196,1011.6
0.5197,1011.7
0.5198,1011.7
0.5199,1011.7
0.52,1011.8
0.5201,1011.8
0.5202,1011.8
0.5203,1011.9
0.5204,1011.9
0.5205,1012
0.5206,1012
0.5207,1012
0.5208,1012.1
0.5209,1012.1
0.521,1012.2
0.5211,1012.2
0.5212,1012.2
0.5213,1012.3
0.5214,1012.3
0.5215,1012.4
0.5216,1012.4
0.5217,1012.4
0.5218,1012.5
0.5219,1012.5
0.522,1012.6
0.5221,1012.6
0.5222,1012.6
0.5223,1012.7
0.5224,1012.7
0.5225,1012.8
0.5226,1012.8
0.5227,1012.8
0.5228,1012.9
0.5229,1012.9
0.523,1013
0.5231,1013
0.5232,1013
0.5233,1013.1
0.5234,1013.1
0.5235,1013.1
0.5236,1013.2
0.5237,1013.2
0.5238,1013.3
0.5239,1013.3
0.524,1013.3
0.5241,1013.4
0.5242,1013.4
0.5243,1013.4
0.5244,1013.5
0.5245,1013.5
0.5246,1013.6
0.5247,1013.6
0.5248,1013.6
0.5249,1013.7
0.525,1013.7
0.5251,1013.8
0.5252,1013.8
0.5253,1013.8
0.5254,1013.9
0.5255,1013.9
0.5256,1013.9
0.5257,1014
0.5258,1014
0.5259,1014.1
0.526,1014.1
0.5261,1014.1
0.5262,1014.2
0.5263,1014.2
0.5264,1014.2
0.5265,1014.3
0.5266,1014.3
0.5267,1014.4
0.5268,1014.4
0.5269,1014.4
0.527,1014.5
0.5271,1014.5
0.5272,1014.5
0.5273,1014.6
0.5274,1014.6
0.5275,1014.7
0.5276,1014.7
0.5277,1014.7
0.5278,1014.8
0.5279,1014.8
0.528,1014.9
0.5281,1014.9
0.5282,1014.9
0.5283,1015
0.5284,1015
0.5285,1015.1
0.5286,1015.1
0.5287,1015.1
0.5288,1015.2
0.5289,1015.2
0.529,1015.3
0.5291,1015.3
0.5292,1015.4
0.5293,1015.4
0.5294,1015.4
0.5295,1015.5
0.5296,1015.5
0.5297,1015.6
0.5298,1015.6
0.5299,1015.7
0.53,1015.7
0.5301,1015.7
0.5302,1015.8
0.5303,1015.8
0.5304,1015.9
0.5305,1015.9
0.5306,1015.9
0.5307,1016
0.5308,1016
0.5309,1016.1
0.531,1016.1
0.5311,1016.2
0.5312,1016.2
0.5313,1016.2
0.5314,1016.3
0.5315,1016.3
0.5316,1016.4
0.5317,1016.4
0.5318,1016.4
0.5319,1016.5
0.532,1016.5
0.5321,1016.6
0.5322,1016.6
0.5323,1016.7
0.5324,1016.7
0.5325,1016.7
0.5326,1016.8
0.5327,1016.8
0.5328,1016.9
0.5329,1016.9
0.533,1016.9
0.5331,1017
0.5332,1017
0.5333,1017
0.5334,1017.1
0.5335,1017.1
0.5336,1017.2
0.5337,1017.2
0.5338,1017.2
0.5339,1017.3
0.534,1017.3
0.5341,1017.4
0.5342,1017.4
0.5343,1017.4
0.5344,1017.5
0.5345,1017.5
0.5346,1017.6
0.5347,1017.6
0.5348,1017.6
0.5349,1017.7
0.535,1017.7
0.5351,1017.8
0.5352,1017.8
0.5353,1017.8
0.5354,1017.9
0.5355,1017.9
0.5356,1017.9
0.5357,1018
0.5358,1018
0.5359,1018.1
0.536,1018.1
0.5361,1018.1
0.5362,1018.2
0.5363,1018.2
0.5364,1018.3
0.5365,1018.3
