0,1005.4
0.0001,1005.5
0.0002,1005.6
0.0003,1005.7
0.0004,1005.7
0.0005,1005.8
0.0006,1005.9
0.0007,1005.9
0.0008,1006
0.0009,1006.1
0.001,1006.1
0.0011,1006.2
0.0012,1006.3
0.0013,1006.4
0.0014,1006.4
0.0015,1006.5
0.0016,1006.6
0.0017,1006.6
0.0018,1006.7
0.0019,1006.8
0.002,1006.8
0.0021,1006.9
0.0022,1007
0.0023,1007
0.0024,1007.1
0.0025,1007.2
0.0026,1007.2
0.0027,1007.3
0.0028,1007.4
0.0029,1007.4
0.003,1007.5
0.0031,1007.6
0.0032,1007.6
0.0033,1007.7
0.0034,1007.8
0.0035,1007.8
0.0036,1007.9
0.0037,1008
0.0038,1008
0.0039,1008.1
0.004,1008.2
0.0041,1008.2
0.0042,1008.3
0.0043,1008.4
0.0044,1008.4
0.0045,1008.5
0.0046,1008.5
0.0047,1008.6
0.0048,1008.7
0.0049,1008.7
0.005,1008.8
0.0051,1008.9
0.0052,1008.9
0.0053,1009
0.0054,1009
0.0055,1009.1
0.0056,1009.2
0.0057,1009.2
0.0058,1009.3
0.0059,1009.4
0.006,1009.4
0.0061,1009.5
0.0062,1009.5
0.0063,1009.6
0.0064,1009.7
0.0065,1009.7
0.0066,1009.8
0.0067,1009.8
0.0068,1009.9
0.0069,1010
0.007,1010
0.0071,1010.1
0.0072,1010.1
0.0073,1010.2
0.0074,1010.3
0.0075,1010.3
0.0076,1010.4
0.0077,1010.4
0.0078,1010.5
0.0079,1010.6
0.008,1010.6
0.0081,1010.7
0.0082,1010.7
0.0083,1010.8
0.0084,1010.8
0.0085,1010.9
0.0086,1011
0.0087,1011
0.0088,1011.1
0.0089,1011.1
0.009,1011.2
0.0091,1011.2
0.0092,1011.3
0.0093,1011.3
0.0094,1011.4
0.0095,1011.5
0.0096,1011.5
0.0097,1011.6
0.0098,1011.6
0.0099,1011.7
0.01,1011.7
0.0101,1011.8
0.0102,1011.8
0.0103,1011.9
0.0104,1011.9
0.0105,1012
0.0106,1012.1
0.0107,1012.1
0.0108,1012.2
0.0109,1012.2
0.011,1012.3
0.0111,1012.3
0.0112,1012.4
0.0113,1012.4
0.0114,1012.5
0.0115,1012.6
0.0116,1012.6
0.0117,1012.7
0.0118,1012.7
0.0119,1012.8
0.012,1012.8
0.0121,1012.9
0.0122,1012.9
0.0123,1013
0.0124,1013.1
0.0125,1013.1
0.0126,1013.2
0.0127,1013.2
0.0128,1013.3
0.0129,1013.4
0.013,1013.4
0.0131,1013.5
0.0132,1013.5
0.0133,1013.6
0.0134,1013.6
0.0135,1013.7
0.0136,1013.8
0.0137,1013.8
0.0138,1013.9
0.0139,1013.9
0.014,1014
0.0141,1014.1
0.0142,1014.1
0.0143,1014.2
0.0144,1014.2
0.0145,1014.3
0.0146,1014.4
0.0147,1014.4
0.0148,1014.5
0.0149,1014.5
0.015,1014.6
0.0151,1014.7
0.0152,1014.7
0.0153,1014.8
0.0154,1014.8
0.0155,1014.9
0.0156,1015
0.0157,1015
0.0158,1015.1
0.0159,1015.1
0.016,1015.2
0.0161,1015.3
0.0162,1015.3
0.0163,1015.4
0.0164,1015.4
0.0165,1015.5
0.0166,1015.6
0.0167,1015.6
0.0168,1015.7
0.0169,1015.7
0.017,1015.8
0.0171,1015.8
0.0172,1015.9
0.0173,1016
0.0174,1016
0.0175,1016.1
0.0176,1016.1
0.0177,1016.2
0.0178,1016.3
0.0179,1016.3
0.018,1016.4
0.0181,1016.4
0.0182,1016.5
0.0183,1016.6
0.0184,1016.6
0.0185,1016.7
0.0186,1016.7
0.0187,1016.8
0.0188,1016.8
0.0189,1016.9
0.019,1017
0.0191,1017
0.0192,1017.1
0.0193,1017.1
0.0194,1017.2
0.0195,1017.3
0.0196,1017.3
0.0197,1017.4
0.0198,1017.4
0.0199,1017.5
0.02,1017.6
0.0201,1017.6
0.0202,1017.7
0.0203,1017.7
0.0204,1017.8
0.0205,1017.9
0.0206,1017.9
0.0207,1018
0.0208,1018
0.0209,1018.1
0.021,1018.2
0.0211,1018.2
0.0212,1018.3
0.0213,1018.3
0.0214,1018.4
0.0215,1018.5
0.0216,1018.5
0.0217,1018.6
0.0218,1018.6
0.0219,1018.7
0.022,1018.8
0.0221,1018.8
0.0222,1018.9
0.0223,1018.9
0.0224,1019
0.0225,1019.1
0.0226,1019.1
0.0227,1019.2
0.0228,1019.2
0.0229,1019.3
0.023,1019.4
0.0231,1019.4
0.0232,1019.5
0.0233,1019.5
0.0234,1019.6
0.0235,1019.7
0.0236,1019.7
0.0237,1019.8
0.0238,1019.9
0.0239,1019.9
0.024,1020
0.0241,1020
0.0242,1020.1
0.0243,1020.2
0.0244,1020.2
0.0245,1020.3
0.0246,1020.3
0.0247,1020.4
0.0248,1020.5
0.0249,1020.5
0.025,1020.6
0.0251,1020.6
0.0252,1020.7
0.0253,1020.8
0.0254,1020.8
0.0255,1020.9
0.0256,1021
0.0257,1021
0.0258,1021.1
0.0259,1021.1
0.026,1021.2
0.0261,1021.3
0.0262,1021.3
0.0263,1021.4
0.0264,1021.4
0.0265,1021.5
0.0266,1021.6
0.0267,1021.6
0.0268,1021.7
0.0269,1021.8
0.027,1021.8
0.0271,1021.9
0.0272,1021.9
0.0273,1022
0.0274,1022.1
0.0275,1022.1
0.0276,1022.2
0.0277,1022.2
0.0278,1022.3
0.0279,1022.4
0.028,1022.4
0.0281,1022.5
0.0282,1022.6
0.0283,1022.6
0.0284,1022.7
0.0285,1022.7
0.0286,1022.8
0.0287,1022.9
0.0288,1022.9
0.0289,1023
0.029,1023
0.0291,1023.1
0.0292,1023.2
0.0293,1023.2
0.0294,1023.3
0.0295,1023.3
0.0296,1023.4
0.0297,1023.5
0.0298,1023.5
0.0299,1023.6
0.03,1023.6
0.0301,1023.7
0.0302,1023.8
0.0303,1023.8
0.0304,1023.9
0.0305,1023.9
0.0306,1024
0.0307,1024.1
0.0308,1024.1
0.0309,1024.2
0.031,1024.2
0.0311,1024.3
0.0312,1024.3
0.0313,1024.4
0.0314,1024.5
0.0315,1024.5
0.0316,1024.6
0.0317,1024.6
0.0318,1024.7
0.0319,1024.7
0.032,1024.8
0.0321,1024.8
0.0322,1024.9
0.0323,1025
0.0324,1025
0.0325,1025.1
0.0326,1025.1
0.0327,1025.2
0.0328,1025.2
0.0329,1025.3
0.033,1025.3
0.0331,1025.4
0.0332,1025.5
0.0333,1025.5
0.0334,1025.6
0.0335,1025.6
0.0336,1025.7
0.0337,1025.7
0.0338,1025.8
0.0339,1025.9
0.034,1025.9
0.0341,1026
0.0342,1026
0.0343,1026.1
0.0344,1026.2
0.0345,1026.2
0.0346,1026.3
0.0347,1026.3
0.0348,1026.4
0.0349,1026.5
0.035,1026.5
0.0351,1026.6
0.0352,1026.6
0.0353,1026.7
0.0354,1026.8
0.0355,1026.8
0.0356,1026.9
0.0357,1027
0.0358,1027
0.0359,1027.1
0.036,1027.1
0.0361,1027.2
0.0362,1027.3
0.0363,1027.3
0.0364,1027.4
0.0365,1027.5
0.0366,1027.5
0.0367,1027.6
0.0368,1027.7
0.0369,1027.7
0.037,1027.8
0.0371,1027.9
0.0372,1027.9
0.0373,1028
0.0374,1028.1
0.0375,1028.1
0.0376,1028.2
0.0377,1028.3
0.0378,1028.3
0.0379,1028.4
0.038,1028.5
0.0381,1028.5
0.0382,1028.6
0.0383,1028.7
0.0384,1028.7
0.0385,1028.8
0.0386,1028.9
0.0387,1028.9
0.0388,1029
0.0389,1029.1
0.039,1029.1
0.0391,1029.2
0.0392,1029.2
0.0393,1029.3
0.0394,1029.4
0.0395,1029.4
0.0396,1029.5
0.0397,1029.6
0.0398,1029.6
0.0399,1029.7
0.04,1029.7
0.0401,1029.8
0.0402,1029.9
0.0403,1029.9
0.0404,1030
0.0405,1030.1
0.0406,1030.1
0.0407,1030.2
0.0408,1030.2
0.0409,1030.3
0.041,1030.4
0.0411,1030.4
0.0412,1030.5
0.0413,1030.5
0.0414,1030.6
0.0415,1030.7
0.0416,1030.7
0.0417,1030.8
0.0418,1030.8
0.0419,1030.9
0.042,1031
0.0421,1031
0.0422,1031.1
0.0423,1031.1
0.0424,1031.2
0.0425,1031.3
0.0426,1031.3
0.0427,1031.4
0.0428,1031.4
0.0429,1031.5
0.043,1031.6
0.0431,1031.6
0.0432,1031.7
0.0433,1031.7
0.0434,1031.8
0.0435,1031.9
0.0436,1031.9
0.0437,1032
0.0438,1032
0.0439,1032.1
0.044,1032.2
0.0441,1032.2
0.0442,1032.3
0.0443,1032.3
0.0444,1032.4
0.0445,1032.5
0.0446,1032.5
0.0447,1032.6
0.0448,1032.6
0.0449,1032.7
0.045,1032.8
0.0451,1032.8
0.0452,1032.9
0.0453,1033
0.0454,1033
0.0455,1033.1
0.0456,1033.1
0.0457,1033.2
0.0458,1033.3
0.0459,1033.3
0.046,1033.4
0.0461,1033.5
0.0462,1033.5
0.0463,1033.6
0.0464,1033.6
0.0465,1033.7
0.0466,1033.8
0.0467,1033.8
0.0468,1033.9
0.0469,1033.9
0.047,1034
0.0471,1034.1
0.0472,1034.1
0.0473,1034.2
0.0474,1034.2
0.0475,1034.3
0.0476,1034.3
0.0477,1034.4
0.0478,1034.5
0.0479,1034.5
0.048,1034.6
0.0481,1034.6
0.0482,1034.7
0.0483,1034.7
0.0484,1034.8
0.0485,1034.8
0.0486,1034.9
0.0487,1034.9
0.0488,1035
0.0489,1035
0.049,1035.1
0.0491,1035.1
0.0492,1035.1
0.0493,1035.2
0.0494,1035.2
0.0495,1035.3
0.0496,1035.3
0.0497,1035.4
0.0498,1035.4
0.0499,1035.5
0.05,1035.5
0.0501,1035.6
0.0502,1035.6
0.0503,1035.6
0.0504,1035.7
0.0505,1035.7
0.0506,1035.8
0.0507,1035.8
0.0508,1035.8
0.0509,1035.9
0.051,1035.9
0.0511,1036
0.0512,1036
0.0513,1036
0.0514,1036.1
0.0515,1036.1
0.0516,1036.2
0.0517,1036.2
0.0518,1036.2
0.0519,1036.3
0.052,1036.3
0.0521,1036.4
0.0522,1036.4
0.0523,1036.4
0.0524,1036.5
0.0525,1036.5
0.0526,1036.5
0.0527,1036.6
0.0528,1036.6
0.0529,1036.7
0.053,1036.7
0.0531,1036.7
0.0532,1036.8
0.0533,1036.8
0.0534,1036.8
0.0535,1036.9
0.0536,1036.9
0.0537,1036.9
0.0538,1037
0.0539,1037
0.054,1037.1
0.0541,1037.1
0.0542,1037.1
0.0543,1037.2
0.0544,1037.2
0.0545,1037.2
0.0546,1037.3
0.0547,1037.3
0.0548,1037.3
0.0549,1037.4
0.055,1037.4
0.0551,1037.4
0.0552,1037.5
0.0553,1037.5
0.0554,1037.5
0.0555,1037.6
0.0556,1037.6
0.0557,1037.6
0.0558,1037.7
0.0559,1037.7
0.056,1037.7
0.0561,1037.8
0.0562,1037.8
0.0563,1037.8
0.0564,1037.8
0.0565,1037.9
0.0566,1037.9
0.0567,1037.9
0.0568,1038
0.0569,1038
0.057,1038
0.0571,1038
0.0572,1038.1
0.0573,1038.1
0.0574,1038.1
0.0575,1038.1
0.0576,1038.2
0.0577,1038.2
0.0578,1038.2
0.0579,1038.2
0.058,1038.3
0.0581,1038.3
0.0582,1038.3
0.0583,1038.3
0.0584,1038.4
0.0585,1038.4
0.0586,1038.4
0.0587,1038.4
0.0588,1038.4
0.0589,1038.5
0.059,1038.5
0.0591,1038.5
0.0592,1038.5
0.0593,1038.5
0.0594,1038.6
0.0595,1038.6
0.0596,1038.6
0.0597,1038.6
0.0598,1038.6
0.0599,1038.7
0.06,1038.7
0.0601,1038.7
0.0602,1038.7
0.0603,1038.7
0.0604,1038.7
0.0605,1038.8
0.0606,1038.8
0.0607,1038.8
0.0608,1038.8
0.0609,1038.8
0.061,1038.9
0.0611,1038.9
0.0612,1038.9
0.0613,1038.9
0.0614,1038.9
0.0615,1038.9
0.0616,1038.9
0.0617,1039
0.0618,1039
0.0619,1039
0.062,1039
0.0621,1039
0.0622,1039
0.0623,1039
0.0624,1039.1
0.0625,1039.1
0.0626,1039.1
0.0627,1039.1
0.0628,1039.1
0.0629,1039.1
0.063,1039.1
0.0631,1039.1
0.0632,1039.2
0.0633,1039.2
0.0634,1039.2
0.0635,1039.2
0.0636,1039.2
0.0637,1039.2
0.0638,1039.2
0.0639,1039.2
0.064,1039.2
0.0641,1039.2
0.0642,1039.3
0.0643,1039.3
0.0644,1039.3
0.0645,1039.3
0.0646,1039.3
0.0647,1039.3
0.0648,1039.3
0.0649,1039.3
0.065,1039.3
0.0651,1039.3
0.0652,1039.4
0.0653,1039.4
0.0654,1039.4
0.0655,1039.4
0.0656,1039.4
0.0657,1039.4
0.0658,1039.4
0.0659,1039.4
0.066,1039.4
0.0661,1039.4
0.0662,1039.4
0.0663,1039.5
0.0664,1039.5
0.0665,1039.5
0.0666,1039.5
0.0667,1039.5
0.0668,1039.5
0.0669,1039.5
0.067,1039.5
0.0671,1039.5
0.0672,1039.6
0.0673,1039.6
0.0674,1039.6
0.0675,1039.6
0.0676,1039.6
0.0677,1039.6
0.0678,1039.6
0.0679,1039.6
0.068,1039.7
0.0681,1039.7
0.0682,1039.7
0.0683,1039.7
0.0684,1039.7
0.0685,1039.7
0.0686,1039.7
0.0687,1039.7
0.0688,1039.8
0.0689,1039.8
0.069,1039.8
0.0691,1039.8
0.0692,1039.8
0.0693,1039.8
0.0694,1039.8
0.0695,1039.9
0.0696,1039.9
0.0697,1039.9
0.0698,1039.9
0.0699,1039.9
0.07,1039.9
0.0701,1039.9
0.0702,1039.9
0.0703,1039.9
0.0704,1040
0.0705,1040
0.0706,1040
0.0707,1040
0.0708,1040
0.0709,1040
0.071,1040
0.0711,1040
0.0712,1040
0.0713,1040.1
0.0714,1040.1
0.0715,1040.1
0.0716,1040.1
0.0717,1040.1
0.0718,1040.1
0.0719,1040.1
0.072,1040.1
0.0721,1040.1
0.0722,1040.1
0.0723,1040.1
0.0724,1040.1
0.0725,1040.1
0.0726,1040.2
0.0727,1040.2
0.0728,1040.2
0.0729,1040.2
0.073,1040.2
0.0731,1040.2
0.0732,1040.2
0.0733,1040.2
0.0734,1040.2
0.0735,1040.2
0.0736,1040.2
0.0737,1040.2
0.0738,1040.2
0.0739,1040.2
0.074,1040.2
0.0741,1040.2
0.0742,1040.2
0.0743,1040.3
0.0744,1040.3
0.0745,1040.3
0.0746,1040.3
0.0747,1040.3
0.0748,1040.3
0.0749,1040.3
0.075,1040.3
0.0751,1040.3
0.0752,1040.3
0.0753,1040.3
0.0754,1040.3
0.0755,1040.3
0.0756,1040.4
0.0757,1040.4
0.0758,1040.4
0.0759,1040.4
0.076,1040.4
0.0761,1040.4
0.0762,1040.4
0.0763,1040.4
0.0764,1040.4
0.0765,1040.5
0.0766,1040.5
0.0767,1040.5
0.0768,1040.5
0.0769,1040.5
0.077,1040.5
0.0771,1040.5
0.0772,1040.6
0.0773,1040.6
0.0774,1040.6
0.0775,1040.6
0.0776,1040.6
0.0777,1040.6
0.0778,1040.7
0.0779,1040.7
0.078,1040.7
0.0781,1040.7
0.0782,1040.7
0.0783,1040.8
0.0784,1040.8
0.0785,1040.8
0.0786,1040.8
0.0787,1040.8
0.0788,1040.9
0.0789,1040.9
0.079,1040.9
0.0791,1040.9
0.0792,1041
0.0793,1041
0.0794,1041
0.0795,1041
0.0796,1041
0.0797,1041.1
0.0798,1041.1
0.0799,1041.1
0.08,1041.1
0.0801,1041.1
0.0802,1041.2
0.0803,1041.2
0.0804,1041.2
0.0805,1041.2
0.0806,1041.2
0.0807,1041.2
0.0808,1041.3
0.0809,1041.3
0.081,1041.3
0.0811,1041.3
0.0812,1041.3
0.0813,1041.4
0.0814,1041.4
0.0815,1041.4
0.0816,1041.4
0.0817,1041.4
0.0818,1041.5
0.0819,1041.5
0.082,1041.5
0.0821,1041.5
0.0822,1041.5
0.0823,1041.6
0.0824,1041.6
0.0825,1041.6
0.0826,1041.6
0.0827,1041.6
0.0828,1041.6
0.0829,1041.7
0.083,1041.7
0.0831,1041.7
0.0832,1041.7
0.0833,1041.7
0.0834,1041.8
0.0835,1041.8
0.0836,1041.8
0.0837,1041.8
0.0838,1041.8
0.0839,1041.9
0.084,1041.9
0.0841,1041.9
0.0842,1041.9
0.0843,1041.9
0.0844,1042
0.0845,1042
0.0846,1042
0.0847,1042
0.0848,1042
0.0849,1042.1
0.085,1042.1
0.0851,1042.1
0.0852,1042.1
0.0853,1042.2
0.0854,1042.2
0.0855,1042.2
0.0856,1042.2
0.0857,1042.2
0.0858,1042.3
0.0859,1042.3
0.086,1042.3
0.0861,1042.3
0.0862,1042.4
0.0863,1042.4
0.0864,1042.4
0.0865,1042.4
0.0866,1042.4
0.0867,1042.5
0.0868,1042.5
0.0869,1042.5
0.087,1042.5
0.0871,1042.6
0.0872,1042.6
0.0873,1042.6
0.0874,1042.6
0.0875,1042.6
0.0876,1042.7
0.0877,1042.7
0.0878,1042.7
0.0879,1042.7
0.088,1042.8
0.0881,1042.8
0.0882,1042.8
0.0883,1042.8
0.0884,1042.9
0.0885,1042.9
0.0886,1042.9
0.0887,1042.9
0.0888,1043
0.0889,1043
0.089,1043
0.0891,1043
0.0892,1043
0.0893,1043.1
0.0894,1043.1
0.0895,1043.1
0.0896,1043.1
0.0897,1043.2
0.0898,1043.2
0.0899,1043.2
0.09,1043.2
0.0901,1043.3
0.0902,1043.3
0.0903,1043.3
0.0904,1043.3
0.0905,1043.4
0.0906,1043.4
0.0907,1043.4
0.0908,1043.4
0.0909,1043.5
0.091,1043.5
0.0911,1043.5
0.0912,1043.5
0.0913,1043.5
0.0914,1043.6
0.0915,1043.6
0.0916,1043.6
0.0917,1043.6
0.0918,1043.7
0.0919,1043.7
0.092,1043.7
0.0921,1043.7
0.0922,1043.8
0.0923,1043.8
0.0924,1043.8
0.0925,1043.8
0.0926,1043.9
0.0927,1043.9
0.0928,1043.9
0.0929,1043.9
0.093,1044
0.0931,1044
0.0932,1044
0.0933,1044
0.0934,1044.1
0.0935,1044.1
0.0936,1044.1
0.0937,1044.1
0.0938,1044.2
0.0939,1044.2
0.094,1044.2
0.0941,1044.2
0.0942,1044.3
0.0943,1044.3
0.0944,1044.3
0.0945,1044.3
0.0946,1044.4
0.0947,1044.4
0.0948,1044.4
0.0949,1044.4
0.095,1044.5
0.0951,1044.5
0.0952,1044.5
0.0953,1044.5
0.0954,1044.6
0.0955,1044.6
0.0956,1044.6
0.0957,1044.6
0.0958,1044.6
0.0959,1044.7
0.096,1044.7
0.0961,1044.7
0.0962,1044.7
0.0963,1044.8
0.0964,1044.8
0.0965,1044.8
0.0966,1044.8
0.0967,1044.9
0.0968,1044.9
0.0969,1044.9
0.097,1044.9
0.0971,1045
0.0972,1045
0.0973,1045
0.0974,1045
0.0975,1045.1
0.0976,1045.1
0.0977,1045.1
0.0978,1045.2
0.0979,1045.2
0.098,1045.2
0.0981,1045.2
0.0982,1045.3
0.0983,1045.3
0.0984,1045.3
0.0985,1045.3
0.0986,1045.4
0.0987,1045.4
0.0988,1045.4
0.0989,1045.4
0.099,1045.5
0.0991,1045.5
0.0992,1045.5
0.0993,1045.6
0.0994,1045.6
0.0995,1045.6
0.0996,1045.7
0.0997,1045.7
0.0998,1045.7
0.0999,1045.7
0.1,1045.8
0.1001,1045.8
0.1002,1045.8
0.1003,1045.9
0.1004,1045.9
0.1005,1045.9
0.1006,1046
0.1007,1046
0.1008,1046
0.1009,1046.1
0.101,1046.1
0.1011,1046.1
0.1012,1046.2
0.1013,1046.2
0.1014,1046.2
0.1015,1046.3
0.1016,1046.3
0.1017,1046.3
0.1018,1046.3
0.1019,1046.4
0.102,1046.4
0.1021,1046.4
0.1022,1046.5
0.1023,1046.5
0.1024,1046.5
0.1025,1046.6
0.1026,1046.6
0.1027,1046.6
0.1028,1046.7
0.1029,1046.7
0.103,1046.7
0.1031,1046.8
0.1032,1046.8
0.1033,1046.8
0.1034,1046.9
0.1035,1046.9
0.1036,1046.9
0.1037,1047
0.1038,1047
0.1039,1047
0.104,1047.1
0.1041,1047.1
0.1042,1047.1
0.1043,1047.2
0.1044,1047.2
0.1045,1047.2
0.1046,1047.3
0.1047,1047.3
0.1048,1047.3
0.1049,1047.4
0.105,1047.4
0.1051,1047.4
0.1052,1047.5
0.1053,1047.5
0.1054,1047.5
0.1055,1047.6
0.1056,1047.6
0.1057,1047.6
0.1058,1047.7
0.1059,1047.7
0.106,1047.7
0.1061,1047.8
0.1062,1047.8
0.1063,1047.8
0.1064,1047.9
0.1065,1047.9
0.1066,1047.9
0.1067,1048
0.1068,1048
0.1069,1048
0.107,1048.1
0.1071,1048.1
0.1072,1048.1
0.1073,1048.2
0.1074,1048.2
0.1075,1048.2
0.1076,1048.3
0.1077,1048.3
0.1078,1048.3
0.1079,1048.4
0.108,1048.4
0.1081,1048.4
0.1082,1048.5
0.1083,1048.5
0.1084,1048.6
0.1085,1048.6
0.1086,1048.6
0.1087,1048.7
0.1088,1048.7
0.1089,1048.7
0.109,1048.8
0.1091,1048.8
0.1092,1048.9
0.1093,1048.9
0.1094,1048.9
0.1095,1049
0.1096,1049
0.1097,1049
0.1098,1049.1
0.1099,1049.1
0.11,1049.2
0.1101,1049.2
0.1102,1049.2
0.1103,1049.3
0.1104,1049.3
0.1105,1049.4
0.1106,1049.4
0.1107,1049.4
0.1108,1049.5
0.1109,1049.5
0.111,1049.6
0.1111,1049.6
0.1112,1049.6
0.1113,1049.7
0.1114,1049.7
0.1115,1049.8
0.1116,1049.8
0.1117,1049.8
0.1118,1049.9
0.1119,1049.9
0.112,1050
0.1121,1050
0.1122,1050
0.1123,1050.1
0.1124,1050.1
0.1125,1050.1
0.1126,1050.2
0.1127,1050.2
0.1128,1050.3
0.1129,1050.3
0.113,1050.3
0.1131,1050.4
0.1132,1050.4
0.1133,1050.5
0.1134,1050.5
0.1135,1050.5
0.1136,1050.6
0.1137,1050.6
0.1138,1050.6
0.1139,1050.7
0.114,1050.7
0.1141,1050.8
0.1142,1050.8
0.1143,1050.8
0.1144,1050.9
0.1145,1050.9
0.1146,1050.9
0.1147,1051
0.1148,1051
0.1149,1051.1
0.115,1051.1
0.1151,1051.1
0.1152,1051.2
0.1153,1051.2
0.1154,1051.2
0.1155,1051.3
0.1156,1051.3
0.1157,1051.4
0.1158,1051.4
0.1159,1051.4
0.116,1051.5
0.1161,1051.5
0.1162,1051.6
0.1163,1051.6
0.1164,1051.7
0.1165,1051.7
0.1166,1051.7
0.1167,1051.8
0.1168,1051.8
0.1169,1051.9
0.117,1051.9
0.1171,1052
0.1172,1052
0.1173,1052
0.1174,1052.1
0.1175,1052.1
0.1176,1052.2
0.1177,1052.2
0.1178,1052.3
0.1179,1052.3
0.118,1052.4
0.1181,1052.4
0.1182,1052.5
0.1183,1052.5
0.1184,1052.6
0.1185,1052.6
0.1186,1052.7
0.1187,1052.7
0.1188,1052.8
0.1189,1052.8
0.119,1052.9
0.1191,1052.9
0.1192,1053
0.1193,1053
0.1194,1053.1
0.1195,1053.1
0.1196,1053.2
0.1197,1053.2
0.1198,1053.3
0.1199,1053.3
0.12,1053.4
0.1201,1053.4
0.1202,1053.5
0.1203,1053.5
0.1204,1053.6
0.1205,1053.6
0.1206,1053.7
0.1207,1053.7
0.1208,1053.8
0.1209,1053.8
0.121,1053.9
0.1211,1054
0.1212,1054
0.1213,1054.1
0.1214,1054.1
0.1215,1054.2
0.1216,1054.2
0.1217,1054.3
0.1218,1054.3
0.1219,1054.4
0.122,1054.4
0.1221,1054.5
0.1222,1054.5
0.1223,1054.6
0.1224,1054.6
0.1225,1054.7
0.1226,1054.7
0.1227,1054.8
0.1228,1054.8
0.1229,1054.9
0.123,1054.9
0.1231,1055
0.1232,1055
0.1233,1055.1
0.1234,1055.1
0.1235,1055.2
0.1236,1055.2
0.1237,1055.3
0.1238,1055.3
0.1239,1055.4
0.124,1055.4
0.1241,1055.5
0.1242,1055.5
0.1243,1055.6
0.1244,1055.6
0.1245,1055.7
0.1246,1055.7
0.1247,1055.8
0.1248,1055.9
0.1249,1055.9
0.125,1056
0.1251,1056
0.1252,1056.1
0.1253,1056.1
0.1254,1056.2
0.1255,1056.2
0.1256,1056.3
0.1257,1056.3
0.1258,1056.4
0.1259,1056.4
0.126,1056.5
0.1261,1056.5
0.1262,1056.6
0.1263,1056.7
0.1264,1056.7
0.1265,1056.8
0.1266,1056.8
0.1267,1056.9
0.1268,1056.9
0.1269,1057
0.127,1057
0.1271,1057.1
0.1272,1057.2
0.1273,1057.2
0.1274,1057.3
0.1275,1057.3
0.1276,1057.4
0.1277,1057.4
0.1278,1057.5
0.1279,1057.5
0.128,1057.6
0.1281,1057.7
0.1282,1057.7
0.1283,1057.8
0.1284,1057.8
0.1285,1057.9
0.1286,1057.9
0.1287,1058
0.1288,1058.1
0.1289,1058.1
0.129,1058.2
0.1291,1058.2
0.1292,1058.3
0.1293,1058.3
0.1294,1058.4
0.1295,1058.5
0.1296,1058.5
0.1297,1058.6
0.1298,1058.6
0.1299,1058.7
0.13,1058.7
0.1301,1058.8
0.1302,1058.9
0.1303,1058.9
0.1304,1059
0.1305,1059
0.1306,1059.1
0.1307,1059.1
0.1308,1059.2
0.1309,1059.2
0.131,1059.3
0.1311,1059.3
0.1312,1059.4
0.1313,1059.5
0.1314,1059.5
0.1315,1059.6
0.1316,1059.6
0.1317,1059.7
0.1318,1059.7
0.1319,1059.8
0.132,1059.8
0.1321,1059.9
0.1322,1059.9
0.1323,1060
0.1324,1060
0.1325,1060.1
0.1326,1060.1
0.1327,1060.2
0.1328,1060.2
0.1329,1060.3
0.133,1060.4
0.1331,1060.4
0.1332,1060.5
0.1333,1060.5
0.1334,1060.6
0.1335,1060.6
0.1336,1060.7
0.1337,1060.7
0.1338,1060.8
0.1339,1060.8
0.134,1060.9
0.1341,1060.9
0.1342,1061
0.1343,1061
0.1344,1061.1
0.1345,1061.1
0.1346,1061.2
0.1347,1061.3
0.1348,1061.3
0.1349,1061.4
0.135,1061.4
0.1351,1061.5
0.1352,1061.5
0.1353,1061.6
0.1354,1061.6
0.1355,1061.7
0.1356,1061.7
0.1357,1061.8
0.1358,1061.9
0.1359,1061.9
0.136,1062
0.1361,1062
0.1362,1062.1
0.1363,1062.1
0.1364,1062.2
0.1365,1062.2
0.1366,1062.3
0.1367,1062.4
0.1368,1062.4
0.1369,1062.5
0.137,1062.5
0.1371,1062.6
0.1372,1062.6
0.1373,1062.7
0.1374,1062.7
0.1375,1062.8
0.1376,1062.9
0.1377,1062.9
0.1378,1063
0.1379,1063
0.138,1063.1
0.1381,1063.1
0.1382,1063.2
0.1383,1063.3
0.1384,1063.3
0.1385,1063.4
0.1386,1063.4
0.1387,1063.5
0.1388,1063.5
0.1389,1063.6
0.139,1063.7
0.1391,1063.7
0.1392,1063.8
0.1393,1063.8
0.1394,1063.9
0.1395,1064
0.1396,1064
0.1397,1064.1
0.1398,1064.2
0.1399,1064.2
0.14,1064.3
0.1401,1064.3
0.1402,1064.4
0.1403,1064.5
0.1404,1064.5
0.1405,1064.6
0.1406,1064.7
0.1407,1064.7
0.1408,1064.8
0.1409,1064.9
0.141,1064.9
0.1411,1065
0.1412,1065.1
0.1413,1065.1
0.1414,1065.2
0.1415,1065.3
0.1416,1065.4
0.1417,1065.4
0.1418,1065.5
0.1419,1065.6
0.142,1065.6
0.1421,1065.7
0.1422,1065.8
0.1423,1065.9
0.1424,1065.9
0.1425,1066
0.1426,1066.1
0.1427,1066.1
0.1428,1066.2
0.1429,1066.3
0.143,1066.4
0.1431,1066.4
0.1432,1066.5
0.1433,1066.6
0.1434,1066.6
0.1435,1066.7
0.1436,1066.8
0.1437,1066.8
0.1438,1066.9
0.1439,1067
0.144,1067.1
0.1441,1067.1
0.1442,1067.2
0.1443,1067.3
0.1444,1067.3
0.1445,1067.4
0.1446,1067.5
0.1447,1067.5
0.1448,1067.6
0.1449,1067.7
0.145,1067.7
0.1451,1067.8
0.1452,1067.9
0.1453,1067.9
0.1454,1068
0.1455,1068.1
0.1456,1068.1
0.1457,1068.2
0.1458,1068.3
0.1459,1068.4
0.146,1068.4
0.1461,1068.5
0.1462,1068.6
0.1463,1068.6
0.1464,1068.7
0.1465,1068.8
0.1466,1068.8
0.1467,1068.9
0.1468,1069
0.1469,1069
0.147,1069.1
0.1471,1069.2
0.1472,1069.2
0.1473,1069.3
0.1474,1069.4
0.1475,1069.4
0.1476,1069.5
0.1477,1069.6
0.1478,1069.6
0.1479,1069.7
0.148,1069.8
0.1481,1069.8
0.1482,1069.9
0.1483,1070
0.1484,1070
0.1485,1070.1
0.1486,1070.2
0.1487,1070.2
0.1488,1070.3
0.1489,1070.4
0.149,1070.4
0.1491,1070.5
0.1492,1070.6
0.1493,1070.6
0.1494,1070.7
0.1495,1070.8
0.1496,1070.9
0.1497,1070.9
0.1498,1071
0.1499,1071.1
0.15,1071.1
0.1501,1071.2
0.1502,1071.3
0.1503,1071.3
0.1504,1071.4
0.1505,1071.5
0.1506,1071.6
0.1507,1071.6
0.1508,1071.7
0.1509,1071.8
0.151,1071.8
0.1511,1071.9
0.1512,1072
0.1513,1072
0.1514,1072.1
0.1515,1072.2
0.1516,1072.2
0.1517,1072.3
0.1518,1072.4
0.1519,1072.5
0.152,1072.5
0.1521,1072.6
0.1522,1072.7
0.1523,1072.7
0.1524,1072.8
0.1525,1072.9
0.1526,1072.9
0.1527,1073
0.1528,1073.1
0.1529,1073.1
0.153,1073.2
0.1531,1073.3
0.1532,1073.3
0.1533,1073.4
0.1534,1073.4
0.1535,1073.5
0.1536,1073.6
0.1537,1073.6
0.1538,1073.7
0.1539,1073.8
0.154,1073.8
0.1541,1073.9
0.1542,1074
0.1543,1074
0.1544,1074.1
0.1545,1074.1
0.1546,1074.2
0.1547,1074.3
0.1548,1074.3
0.1549,1074.4
0.155,1074.4
0.1551,1074.5
0.1552,1074.6
0.1553,1074.6
0.1554,1074.7
0.1555,1074.7
0.1556,1074.8
0.1557,1074.9
0.1558,1074.9
0.1559,1075
0.156,1075
0.1561,1075.1
0.1562,1075.1
0.1563,1075.2
0.1564,1075.3
0.1565,1075.3
0.1566,1075.4
0.1567,1075.4
0.1568,1075.5
0.1569,1075.6
0.157,1075.6
0.1571,1075.7
0.1572,1075.7
0.1573,1075.8
0.1574,1075.8
0.1575,1075.9
0.1576,1076
0.1577,1076
0.1578,1076.1
0.1579,1076.1
0.158,1076.2
0.1581,1076.3
0.1582,1076.3
0.1583,1076.4
0.1584,1076.4
0.1585,1076.5
0.1586,1076.5
0.1587,1076.6
0.1588,1076.7
0.1589,1076.7
0.159,1076.8
0.1591,1076.8
0.1592,1076.9
0.1593,1077
0.1594,1077
0.1595,1077.1
0.1596,1077.1
0.1597,1077.2
0.1598,1077.2
0.1599,1077.3
0.16,1077.4
0.1601,1077.4
0.1602,1077.5
0.1603,1077.5
0.1604,1077.6
0.1605,1077.6
0.1606,1077.7
0.1607,1077.8
0.1608,1077.8
0.1609,1077.9
0.161,1077.9
0.1611,1078
0.1612,1078
0.1613,1078.1
0.1614,1078.2
0.1615,1078.2
0.1616,1078.3
0.1617,1078.3
0.1618,1078.4
0.1619,1078.4
0.162,1078.5
0.1621,1078.6
0.1622,1078.6
0.1623,1078.7
0.1624,1078.7
0.1625,1078.8
0.1626,1078.8
0.1627,1078.9
0.1628,1079
0.1629,1079
0.163,1079.1
0.1631,1079.1
0.1632,1079.2
0.1633,1079.2
0.1634,1079.3
0.1635,1079.4
0.1636,1079.4
0.1637,1079.5
0.1638,1079.5
0.1639,1079.6
0.164,1079.6
0.1641,1079.7
0.1642,1079.8
0.1643,1079.8
0.1644,1079.9
0.1645,1079.9
0.1646,1080
0.1647,1080
0.1648,1080.1
0.1649,1080.2
0.165,1080.2
0.1651,1080.3
0.1652,1080.3
0.1653,1080.4
0.1654,1080.4
0.1655,1080.5
0.1656,1080.6
0.1657,1080.6
0.1658,1080.7
0.1659,1080.7
0.166,1080.8
0.1661,1080.8
0.1662,1080.9
0.1663,1080.9
0.1664,1081
0.1665,1081.1
0.1666,1081.1
0.1667,1081.2
0.1668,1081.2
0.1669,1081.3
0.167,1081.3
0.1671,1081.4
0.1672,1081.4
0.1673,1081.5
0.1674,1081.5
0.1675,1081.6
0.1676,1081.6
0.1677,1081.7
0.1678,1081.8
0.1679,1081.8
0.168,1081.9
0.1681,1081.9
0.1682,1082
0.1683,1082
0.1684,1082.1
0.1685,1082.1
0.1686,1082.2
0.1687,1082.2
0.1688,1082.3
0.1689,1082.3
0.169,1082.4
0.1691,1082.4
0.1692,1082.5
0.1693,1082.5
0.1694,1082.6
0.1695,1082.7
0.1696,1082.7
0.1697,1082.8
0.1698,1082.8
0.1699,1082.9
0.17,1082.9
0.1701,1083
0.1702,1083
0.1703,1083.1
0.1704,1083.1
0.1705,1083.2
0.1706,1083.2
0.1707,1083.3
0.1708,1083.3
0.1709,1083.4
0.171,1083.4
0.1711,1083.5
0.1712,1083.5
0.1713,1083.6
0.1714,1083.6
0.1715,1083.7
0.1716,1083.7
0.1717,1083.8
0.1718,1083.8
0.1719,1083.9
0.172,1083.9
0.1721,1084
0.1722,1084
0.1723,1084.1
0.1724,1084.1
0.1725,1084.2
0.1726,1084.2
0.1727,1084.3
0.1728,1084.3
0.1729,1084.4
0.173,1084.4
0.1731,1084.5
0.1732,1084.5
0.1733,1084.6
0.1734,1084.6
0.1735,1084.7
0.1736,1084.7
0.1737,1084.8
0.1738,1084.8
0.1739,1084.9
0.174,1084.9
0.1741,1085
0.1742,1085
0.1743,1085.1
0.1744,1085.1
0.1745,1085.1
0.1746,1085.2
0.1747,1085.2
0.1748,1085.3
0.1749,1085.3
0.175,1085.4
0.1751,1085.4
0.1752,1085.5
0.1753,1085.5
0.1754,1085.6
0.1755,1085.6
0.1756,1085.7
0.1757,1085.7
0.1758,1085.7
0.1759,1085.8
0.176,1085.8
0.1761,1085.9
0.1762,1085.9
0.1763,1086
0.1764,1086
0.1765,1086.1
0.1766,1086.1
0.1767,1086.1
0.1768,1086.2
0.1769,1086.2
0.177,1086.3
0.1771,1086.3
0.1772,1086.4
0.1773,1086.4
0.1774,1086.4
0.1775,1086.5
0.1776,1086.5
0.1777,1086.6
0.1778,1086.6
0.1779,1086.6
0.178,1086.7
0.1781,1086.7
0.1782,1086.8
0.1783,1086.8
0.1784,1086.9
0.1785,1086.9
0.1786,1086.9
0.1787,1087
0.1788,1087
0.1789,1087.1
0.179,1087.1
0.1791,1087.1
0.1792,1087.2
0.1793,1087.2
0.1794,1087.2
0.1795,1087.3
0.1796,1087.3
0.1797,1087.4
0.1798,1087.4
0.1799,1087.4
0.18,1087.5
0.1801,1087.5
0.1802,1087.6
0.1803,1087.6
0.1804,1087.6
0.1805,1087.7
0.1806,1087.7
0.1807,1087.7
0.1808,1087.8
0.1809,1087.8
0.181,1087.8
0.1811,1087.9
0.1812,1087.9
0.1813,1088
0.1814,1088
0.1815,1088
0.1816,1088.1
0.1817,1088.1
0.1818,1088.1
0.1819,1088.2
0.182,1088.2
0.1821,1088.2
0.1822,1088.3
0.1823,1088.3
0.1824,1088.3
0.1825,1088.4
0.1826,1088.4
0.1827,1088.5
0.1828,1088.5
0.1829,1088.5
0.183,1088.6
0.1831,1088.6
0.1832,1088.6
0.1833,1088.7
0.1834,1088.7
0.1835,1088.7
0.1836,1088.8
0.1837,1088.8
0.1838,1088.8
0.1839,1088.9
0.184,1088.9
0.1841,1088.9
0.1842,1089
0.1843,1089
0.1844,1089
0.1845,1089
0.1846,1089.1
0.1847,1089.1
0.1848,1089.1
0.1849,1089.2
0.185,1089.2
0.1851,1089.2
0.1852,1089.3
0.1853,1089.3
0.1854,1089.3
0.1855,1089.3
0.1856,1089.4
0.1857,1089.4
0.1858,1089.4
0.1859,1089.5
0.186,1089.5
0.1861,1089.5
0.1862,1089.5
0.1863,1089.6
0.1864,1089.6
0.1865,1089.6
0.1866,1089.6
0.1867,1089.7
0.1868,1089.7
0.1869,1089.7
0.187,1089.8
0.1871,1089.8
0.1872,1089.8
0.1873,1089.8
0.1874,1089.9
0.1875,1089.9
0.1876,1089.9
0.1877,1089.9
0.1878,1090
0.1879,1090
0.188,1090
0.1881,1090
0.1882,1090.1
0.1883,1090.1
0.1884,1090.1
0.1885,1090.1
0.1886,1090.2
0.1887,1090.2
0.1888,1090.2
0.1889,1090.2
0.189,1090.2
0.1891,1090.3
0.1892,1090.3
0.1893,1090.3
0.1894,1090.3
0.1895,1090.4
0.1896,1090.4
0.1897,1090.4
0.1898,1090.4
0.1899,1090.4
0.19,1090.5
0.1901,1090.5
0.1902,1090.5
0.1903,1090.5
0.1904,1090.5
0.1905,1090.6
0.1906,1090.6
0.1907,1090.6
0.1908,1090.6
0.1909,1090.6
0.191,1090.7
0.1911,1090.7
0.1912,1090.7
0.1913,1090.7
0.1914,1090.7
0.1915,1090.8
0.1916,1090.8
0.1917,1090.8
0.1918,1090.8
0.1919,1090.8
0.192,1090.9
0.1921,1090.9
0.1922,1090.9
0.1923,1090.9
0.1924,1090.9
0.1925,1091
0.1926,1091
0.1927,1091
0.1928,1091
0.1929,1091
0.193,1091
0.1931,1091.1
0.1932,1091.1
0.1933,1091.1
0.1934,1091.1
0.1935,1091.1
0.1936,1091.1
0.1937,1091.2
0.1938,1091.2
0.1939,1091.2
0.194,1091.2
0.1941,1091.2
0.1942,1091.2
0.1943,1091.3
0.1944,1091.3
0.1945,1091.3
0.1946,1091.3
0.1947,1091.3
0.1948,1091.3
0.1949,1091.3
0.195,1091.4
0.1951,1091.4
0.1952,1091.4
0.1953,1091.4
0.1954,1091.4
0.1955,1091.4
0.1956,1091.4
0.1957,1091.5
0.1958,1091.5
0.1959,1091.5
0.196,1091.5
0.1961,1091.5
0.1962,1091.5
0.1963,1091.6
0.1964,1091.6
0.1965,1091.6
0.1966,1091.6
0.1967,1091.6
0.1968,1091.6
0.1969,1091.7
0.197,1091.7
0.1971,1091.7
0.1972,1091.7
0.1973,1091.7
0.1974,1091.7
0.1975,1091.7
0.1976,1091.7
0.1977,1091.8
0.1978,1091.8
0.1979,1091.8
0.198,1091.8
0.1981,1091.8
0.1982,1091.8
0.1983,1091.8
0.1984,1091.8
0.1985,1091.8
0.1986,1091.8
0.1987,1091.8
0.1988,1091.8
0.1989,1091.8
0.199,1091.8
0.1991,1091.8
0.1992,1091.8
0.1993,1091.8
0.1994,1091.8
0.1995,1091.8
0.1996,1091.8
0.1997,1091.8
0.1998,1091.8
0.1999,1091.8
0.2,1091.8
0.2001,1091.8
0.2002,1091.8
0.2003,1091.8
0.2004,1091.8
0.2005,1091.8
0.2006,1091.8
0.2007,1091.8
0.2008,1091.8
0.2009,1091.8
0.201,1091.8
0.2011,1091.8
0.2012,1091.8
0.2013,1091.8
0.2014,1091.8
0.2015,1091.8
0.2016,1091.8
0.2017,1091.8
0.2018,1091.8
0.2019,1091.8
0.202,1091.8
0.2021,1091.8
0.2022,1091.8
0.2023,1091.8
0.2024,1091.8
0.2025,1091.8
0.2026,1091.8
0.2027,1091.8
0.2028,1091.8
0.2029,1091.8
0.203,1091.8
0.2031,1091.8
0.2032,1091.8
0.2033,1091.8
0.2034,1091.8
0.2035,1091.8
0.2036,1091.8
0.2037,1091.8
0.2038,1091.8
0.2039,1091.8
0.204,1091.8
0.2041,1091.8
0.2042,1091.8
0.2043,1091.8
0.2044,1091.8
0.2045,1091.8
0.2046,1091.8
0.2047,1091.8
0.2048,1091.8
0.2049,1091.8
0.205,1091.8
0.2051,1091.8
0.2052,1091.8
0.2053,1091.8
0.2054,1091.8
0.2055,1091.8
0.2056,1091.8
0.2057,1091.8
0.2058,1091.8
0.2059,1091.8
0.206,1091.8
0.2061,1091.8
0.2062,1091.8
0.2063,1091.8
0.2064,1091.8
0.2065,1091.8
0.2066,1091.8
0.2067,1091.8
0.2068,1091.8
0.2069,1091.8
0.207,1091.8
0.2071,1091.8
0.2072,1091.8
0.2073,1091.8
0.2074,1091.8
0.2075,1091.8
0.2076,1091.8
0.2077,1091.8
0.2078,1091.8
0.2079,1091.8
0.208,1091.8
0.2081,1091.8
0.2082,1091.8
0.2083,1091.8
0.2084,1091.8
0.2085,1091.8
0.2086,1091.8
0.2087,1091.8
0.2088,1091.8
0.2089,1091.8
0.209,1091.8
0.2091,1091.8
0.2092,1091.8
0.2093,1091.8
0.2094,1091.8
0.2095,1091.8
0.2096,1091.8
0.2097,1091.8
0.2098,1091.8
0.2099,1091.8
0.21,1091.8
0.2101,1091.8
0.2102,1091.7
0.2103,1091.7
0.2104,1091.7
0.2105,1091.7
0.2106,1091.7
0.2107,1091.7
0.2108,1091.7
0.2109,1091.7
0.211,1091.7
0.2111,1091.7
0.2112,1091.6
0.2113,1091.6
0.2114,1091.6
0.2115,1091.6
0.2116,1091.6
0.2117,1091.6
0.2118,1091.6
0.2119,1091.6
0.212,1091.5
0.2121,1091.5
0.2122,1091.5
0.2123,1091.5
0.2124,1091.5
0.2125,1091.5
0.2126,1091.5
0.2127,1091.5
0.2128,1091.5
0.2129,1091.4
0.213,1091.4
0.2131,1091.4
0.2132,1091.4
0.2133,1091.4
0.2134,1091.4
0.2135,1091.4
0.2136,1091.4
0.2137,1091.3
0.2138,1091.3
0.2139,1091.3
0.214,1091.3
0.2141,1091.3
0.2142,1091.3
0.2143,1091.3
0.2144,1091.2
0.2145,1091.2
0.2146,1091.2
0.2147,1091.2
0.2148,1091.2
0.2149,1091.2
0.215,1091.1
0.2151,1091.1
0.2152,1091.1
0.2153,1091.1
0.2154,1091.1
0.2155,1091.1
0.2156,1091
0.2157,1091
0.2158,1091
0.2159,1091
0.216,1091
0.2161,1091
0.2162,1090.9
0.2163,1090.9
0.2164,1090.9
0.2165,1090.9
0.2166,1090.9
0.2167,1090.8
0.2168,1090.8
0.2169,1090.8
0.217,1090.8
0.2171,1090.8
0.2172,1090.8
0.2173,1090.8
0.2174,1090.7
0.2175,1090.7
0.2176,1090.7
0.2177,1090.7
0.2178,1090.7
0.2179,1090.7
0.218,1090.6
0.2181,1090.6
0.2182,1090.6
0.2183,1090.6
0.2184,1090.6
0.2185,1090.6
0.2186,1090.6
0.2187,1090.5
0.2188,1090.5
0.2189,1090.5
0.219,1090.5
0.2191,1090.5
0.2192,1090.5
0.2193,1090.5
0.2194,1090.4
0.2195,1090.4
0.2196,1090.4
0.2197,1090.4
0.2198,1090.4
0.2199,1090.4
0.22,1090.4
0.2201,1090.3
0.2202,1090.3
0.2203,1090.3
0.2204,1090.3
0.2205,1090.3
0.2206,1090.3
0.2207,1090.3
0.2208,1090.2
0.2209,1090.2
0.221,1090.2
0.2211,1090.2
0.2212,1090.2
0.2213,1090.2
0.2214,1090.1
0.2215,1090.1
0.2216,1090.1
0.2217,1090.1
0.2218,1090.1
0.2219,1090.1
0.222,1090
0.2221,1090
0.2222,1090
0.2223,1090
0.2224,1090
0.2225,1089.9
0.2226,1089.9
0.2227,1089.9
0.2228,1089.9
0.2229,1089.8
0.223,1089.8
0.2231,1089.8
0.2232,1089.8
0.2233,1089.8
0.2234,1089.7
0.2235,1089.7
0.2236,1089.7
0.2237,1089.7
0.2238,1089.6
0.2239,1089.6
0.224,1089.6
0.2241,1089.5
0.2242,1089.5
0.2243,1089.5
0.2244,1089.5
0.2245,1089.4
0.2246,1089.4
0.2247,1089.4
0.2248,1089.4
0.2249,1089.3
0.225,1089.3
0.2251,1089.3
0.2252,1089.3
0.2253,1089.2
0.2254,1089.2
0.2255,1089.2
0.2256,1089.2
0.2257,1089.1
0.2258,1089.1
0.2259,1089.1
0.226,1089
0.2261,1089
0.2262,1089
0.2263,1089
0.2264,1088.9
0.2265,1088.9
0.2266,1088.9
0.2267,1088.9
0.2268,1088.8
0.2269,1088.8
0.227,1088.8
0.2271,1088.8
0.2272,1088.7
0.2273,1088.7
0.2274,1088.7
0.2275,1088.7
0.2276,1088.6
0.2277,1088.6
0.2278,1088.6
0.2279,1088.6
0.228,1088.6
0.2281,1088.5
0.2282,1088.5
0.2283,1088.5
0.2284,1088.5
0.2285,1088.4
0.2286,1088.4
0.2287,1088.4
0.2288,1088.4
0.2289,1088.3
0.229,1088.3
0.2291,1088.3
0.2292,1088.3
0.2293,1088.2
0.2294,1088.2
0.2295,1088.2
0.2296,1088.2
0.2297,1088.1
0.2298,1088.1
0.2299,1088.1
0.23,1088.1
0.2301,1088
0.2302,1088
0.2303,1088
0.2304,1088
0.2305,1087.9
0.2306,1087.9
0.2307,1087.9
0.2308,1087.8
0.2309,1087.8
0.231,1087.8
0.2311,1087.8
0.2312,1087.7
0.2313,1087.7
0.2314,1087.7
0.2315,1087.6
0.2316,1087.6
0.2317,1087.6
0.2318,1087.5
0.2319,1087.5
0.232,1087.5
0.2321,1087.4
0.2322,1087.4
0.2323,1087.4
0.2324,1087.3
0.2325,1087.3
0.2326,1087.3
0.2327,1087.2
0.2328,1087.2
0.2329,1087.2
0.233,1087.1
0.2331,1087.1
0.2332,1087.1
0.2333,1087
0.2334,1087
0.2335,1086.9
0.2336,1086.9
0.2337,1086.9
0.2338,1086.8
0.2339,1086.8
0.234,1086.8
0.2341,1086.7
0.2342,1086.7
0.2343,1086.6
0.2344,1086.6
0.2345,1086.6
0.2346,1086.5
0.2347,1086.5
0.2348,1086.4
0.2349,1086.4
0.235,1086.4
0.2351,1086.3
0.2352,1086.3
0.2353,1086.3
0.2354,1086.2
0.2355,1086.2
0.2356,1086.1
0.2357,1086.1
0.2358,1086.1
0.2359,1086
0.236,1086
0.2361,1085.9
0.2362,1085.9
0.2363,1085.9
0.2364,1085.8
0.2365,1085.8
0.2366,1085.7
0.2367,1085.7
0.2368,1085.6
0.2369,1085.6
0.237,1085.6
0.2371,1085.5
0.2372,1085.5
0.2373,1085.4
0.2374,1085.4
0.2375,1085.4
0.2376,1085.3
0.2377,1085.3
0.2378,1085.2
0.2379,1085.2
0.238,1085.1
0.2381,1085.1
0.2382,1085
0.2383,1085
0.2384,1085
0.2385,1084.9
0.2386,1084.9
0.2387,1084.8
0.2388,1084.8
0.2389,1084.7
0.239,1084.7
0.2391,1084.6
0.2392,1084.6
0.2393,1084.5
0.2394,1084.5
0.2395,1084.4
0.2396,1084.4
0.2397,1084.3
0.2398,1084.3
0.2399,1084.3
0.24,1084.2
0.2401,1084.2
0.2402,1084.1
0.2403,1084
0.2404,1084
0.2405,1083.9
0.2406,1083.9
0.2407,1083.8
0.2408,1083.8
0.2409,1083.7
0.241,1083.7
0.2411,1083.6
0.2412,1083.6
0.2413,1083.5
0.2414,1083.5
0.2415,1083.4
0.2416,1083.4
0.2417,1083.3
0.2418,1083.2
0.2419,1083.2
0.242,1083.1
0.2421,1083.1
0.2422,1083
0.2423,1083
0.2424,1082.9
0.2425,1082.8
0.2426,1082.8
0.2427,1082.7
0.2428,1082.7
0.2429,1082.6
0.243,1082.5
0.2431,1082.5
0.2432,1082.4
0.2433,1082.4
0.2434,1082.3
0.2435,1082.2
0.2436,1082.2
0.2437,1082.1
0.2438,1082
0.2439,1082
0.244,1081.9
0.2441,1081.8
0.2442,1081.8
0.2443,1081.7
0.2444,1081.6
0.2445,1081.6
0.2446,1081.5
0.2447,1081.4
0.2448,1081.4
0.2449,1081.3
0.245,1081.2
0.2451,1081.2
0.2452,1081.1
0.2453,1081
0.2454,1080.9
0.2455,1080.9
0.2456,1080.8
0.2457,1080.7
0.2458,1080.6
0.2459,1080.5
0.246,1080.5
0.2461,1080.4
0.2462,1080.3
0.2463,1080.2
0.2464,1080.1
0.2465,1080.1
0.2466,1080
0.2467,1079.9
0.2468,1079.8
0.2469,1079.7
0.247,1079.6
0.2471,1079.5
0.2472,1079.5
0.2473,1079.4
0.2474,1079.3
0.2475,1079.2
0.2476,1079.1
0.2477,1079
0.2478,1078.9
0.2479,1078.8
0.248,1078.8
0.2481,1078.7
0.2482,1078.6
0.2483,1078.5
0.2484,1078.4
0.2485,1078.3
0.2486,1078.2
0.2487,1078.1
0.2488,1078.1
0.2489,1078
0.249,1077.9
0.2491,1077.8
0.2492,1077.7
0.2493,1077.6
0.2494,1077.6
0.2495,1077.5
0.2496,1077.4
0.2497,1077.3
0.2498,1077.2
0.2499,1077.1
0.25,1077.1
0.2501,1077
0.2502,1076.9
0.2503,1076.8
0.2504,1076.7
0.2505,1076.6
0.2506,1076.6
0.2507,1076.5
0.2508,1076.4
0.2509,1076.3
0.251,1076.2
0.2511,1076.2
0.2512,1076.1
0.2513,1076
0.2514,1075.9
0.2515,1075.8
0.2516,1075.7
0.2517,1075.7
0.2518,1075.6
0.2519,1075.5
0.252,1075.4
0.2521,1075.3
0.2522,1075.2
0.2523,1075.2
0.2524,1075.1
0.2525,1075
0.2526,1074.9
0.2527,1074.8
0.2528,1074.7
0.2529,1074.7
0.253,1074.6
0.2531,1074.5
0.2532,1074.4
0.2533,1074.3
0.2534,1074.2
0.2535,1074.1
0.2536,1074
0.2537,1074
0.2538,1073.9
0.2539,1073.8
0.254,1073.7
0.2541,1073.6
0.2542,1073.5
0.2543,1073.4
0.2544,1073.3
0.2545,1073.2
0.2546,1073.1
0.2547,1073.1
0.2548,1073
0.2549,1072.9
0.255,1072.8
0.2551,1072.7
0.2552,1072.6
0.2553,1072.5
0.2554,1072.4
0.2555,1072.3
0.2556,1072.2
0.2557,1072.1
0.2558,1072
0.2559,1071.9
0.256,1071.8
0.2561,1071.7
0.2562,1071.6
0.2563,1071.5
0.2564,1071.4
0.2565,1071.3
0.2566,1071.2
0.2567,1071.1
0.2568,1071
0.2569,1070.9
0.257,1070.8
0.2571,1070.7
0.2572,1070.6
0.2573,1070.5
0.2574,1070.4
0.2575,1070.3
0.2576,1070.2
0.2577,1070.1
0.2578,1070
0.2579,1070
0.258,1069.9
0.2581,1069.8
0.2582,1069.7
0.2583,1069.6
0.2584,1069.5
0.2585,1069.4
0.2586,1069.3
0.2587,1069.2
0.2588,1069.1
0.2589,1069
0.259,1068.9
0.2591,1068.8
0.2592,1068.7
0.2593,1068.6
0.2594,1068.5
0.2595,1068.4
0.2596,1068.3
0.2597,1068.2
0.2598,1068.1
0.2599,1068
0.26,1068
0.2601,1067.9
0.2602,1067.8
0.2603,1067.7
0.2604,1067.6
0.2605,1067.5
0.2606,1067.4
0.2607,1067.3
0.2608,1067.2
0.2609,1067.1
0.261,1067
0.2611,1066.9
0.2612,1066.8
0.2613,1066.7
0.2614,1066.6
0.2615,1066.5
0.2616,1066.4
0.2617,1066.4
0.2618,1066.3
0.2619,1066.2
0.262,1066.1
0.2621,1066
0.2622,1065.9
0.2623,1065.8
0.2624,1065.7
0.2625,1065.6
0.2626,1065.5
0.2627,1065.5
0.2628,1065.4
0.2629,1065.3
0.263,1065.2
0.2631,1065.1
0.2632,1065
0.2633,1064.9
0.2634,1064.9
0.2635,1064.8
0.2636,1064.7
0.2637,1064.6
0.2638,1064.5
0.2639,1064.4
0.264,1064.4
0.2641,1064.3
0.2642,1064.2
0.2643,1064.1
0.2644,1064
0.2645,1064
0.2646,1063.9
0.2647,1063.8
0.2648,1063.7
0.2649,1063.6
0.265,1063.6
0.2651,1063.5
0.2652,1063.4
0.2653,1063.3
0.2654,1063.2
0.2655,1063.2
0.2656,1063.1
0.2657,1063
0.2658,1062.9
0.2659,1062.8
0.266,1062.8
0.2661,1062.7
0.2662,1062.6
0.2663,1062.5
0.2664,1062.5
0.2665,1062.4
0.2666,1062.3
0.2667,1062.2
0.2668,1062.2
0.2669,1062.1
0.267,1062
0.2671,1061.9
0.2672,1061.9
0.2673,1061.8
0.2674,1061.7
0.2675,1061.6
0.2676,1061.5
0.2677,1061.5
0.2678,1061.4
0.2679,1061.3
0.268,1061.2
0.2681,1061.2
0.2682,1061.1
0.2683,1061
0.2684,1060.9
0.2685,1060.9
0.2686,1060.8
0.2687,1060.7
0.2688,1060.6
0.2689,1060.6
0.269,1060.5
0.2691,1060.4
0.2692,1060.3
0.2693,1060.3
0.2694,1060.2
0.2695,1060.1
0.2696,1060
0.2697,1060
0.2698,1059.9
0.2699,1059.8
0.27,1059.8
0.2701,1059.7
0.2702,1059.6
0.2703,1059.5
0.2704,1059.5
0.2705,1059.4
0.2706,1059.3
0.2707,1059.2
0.2708,1059.2
0.2709,1059.1
0.271,1059
0.2711,1059
0.2712,1058.9
0.2713,1058.8
0.2714,1058.7
0.2715,1058.7
0.2716,1058.6
0.2717,1058.5
0.2718,1058.5
0.2719,1058.4
0.272,1058.3
0.2721,1058.3
0.2722,1058.2
0.2723,1058.1
0.2724,1058.1
0.2725,1058
0.2726,1057.9
0.2727,1057.9
0.2728,1057.8
0.2729,1057.7
0.273,1057.7
0.2731,1057.6
0.2732,1057.5
0.2733,1057.5
0.2734,1057.4
0.2735,1057.3
0.2736,1057.3
0.2737,1057.2
0.2738,1057.1
0.2739,1057.1
0.274,1057
0.2741,1057
0.2742,1056.9
0.2743,1056.8
0.2744,1056.8
0.2745,1056.7
0.2746,1056.6
0.2747,1056.6
0.2748,1056.5
0.2749,1056.5
0.275,1056.4
0.2751,1056.3
0.2752,1056.3
0.2753,1056.2
0.2754,1056.2
0.2755,1056.1
0.2756,1056
0.2757,1056
0.2758,1055.9
0.2759,1055.8
0.276,1055.8
0.2761,1055.7
0.2762,1055.7
0.2763,1055.6
0.2764,1055.5
0.2765,1055.5
0.2766,1055.4
0.2767,1055.3
0.2768,1055.3
0.2769,1055.2
0.277,1055.2
0.2771,1055.1
0.2772,1055
0.2773,1055
0.2774,1054.9
0.2775,1054.8
0.2776,1054.8
0.2777,1054.7
0.2778,1054.6
0.2779,1054.6
0.278,1054.5
0.2781,1054.4
0.2782,1054.4
0.2783,1054.3
0.2784,1054.3
0.2785,1054.2
0.2786,1054.1
0.2787,1054.1
0.2788,1054
0.2789,1053.9
0.279,1053.9
0.2791,1053.8
0.2792,1053.7
0.2793,1053.7
0.2794,1053.6
0.2795,1053.6
0.2796,1053.5
0.2797,1053.4
0.2798,1053.4
0.2799,1053.3
0.28,1053.2
0.2801,1053.2
0.2802,1053.1
0.2803,1053.1
0.2804,1053
0.2805,1052.9
0.2806,1052.9
0.2807,1052.8
0.2808,1052.8
0.2809,1052.7
0.281,1052.6
0.2811,1052.6
0.2812,1052.5
0.2813,1052.5
0.2814,1052.4
0.2815,1052.4
0.2816,1052.3
0.2817,1052.3
0.2818,1052.2
0.2819,1052.1
0.282,1052.1
0.2821,1052
0.2822,1052
0.2823,1051.9
0.2824,1051.9
0.2825,1051.8
0.2826,1051.8
0.2827,1051.7
0.2828,1051.7
0.2829,1051.6
0.283,1051.6
0.2831,1051.5
0.2832,1051.5
0.2833,1051.4
0.2834,1051.4
0.2835,1051.3
0.2836,1051.3
0.2837,1051.2
0.2838,1051.2
0.2839,1051.1
0.284,1051.1
0.2841,1051.1
0.2842,1051
0.2843,1051
0.2844,1050.9
0.2845,1050.9
0.2846,1050.8
0.2847,1050.8
0.2848,1050.7
0.2849,1050.7
0.285,1050.6
0.2851,1050.6
0.2852,1050.5
0.2853,1050.5
0.2854,1050.4
0.2855,1050.4
0.2856,1050.3
0.2857,1050.3
0.2858,1050.2
0.2859,1050.1
0.286,1050.1
0.2861,1050
0.2862,1050
0.2863,1049.9
0.2864,1049.9
0.2865,1049.8
0.2866,1049.8
0.2867,1049.7
0.2868,1049.7
0.2869,1049.6
0.287,1049.5
0.2871,1049.5
0.2872,1049.4
0.2873,1049.4
0.2874,1049.3
0.2875,1049.3
0.2876,1049.2
0.2877,1049.1
0.2878,1049.1
0.2879,1049
0.288,1049
0.2881,1048.9
0.2882,1048.9
0.2883,1048.8
0.2884,1048.7
0.2885,1048.7
0.2886,1048.6
0.2887,1048.6
0.2888,1048.5
0.2889,1048.5
0.289,1048.4
0.2891,1048.3
0.2892,1048.3
0.2893,1048.2
0.2894,1048.2
0.2895,1048.1
0.2896,1048
0.2897,1048
0.2898,1047.9
0.2899,1047.9
0.29,1047.8
0.2901,1047.7
0.2902,1047.7
0.2903,1047.6
0.2904,1047.6
0.2905,1047.5
0.2906,1047.5
0.2907,1047.4
0.2908,1047.3
0.2909,1047.3
0.291,1047.2
0.2911,1047.2
0.2912,1047.1
0.2913,1047
0.2914,1047
0.2915,1046.9
0.2916,1046.9
0.2917,1046.8
0.2918,1046.7
0.2919,1046.7
0.292,1046.6
0.2921,1046.6
0.2922,1046.5
0.2923,1046.4
0.2924,1046.4
0.2925,1046.3
0.2926,1046.3
0.2927,1046.2
0.2928,1046.1
0.2929,1046.1
0.293,1046
0.2931,1045.9
0.2932,1045.9
0.2933,1045.8
0.2934,1045.8
0.2935,1045.7
0.2936,1045.6
0.2937,1045.6
0.2938,1045.5
0.2939,1045.5
0.294,1045.4
0.2941,1045.3
0.2942,1045.3
0.2943,1045.2
0.2944,1045.1
0.2945,1045.1
0.2946,1045
0.2947,1045
0.2948,1044.9
0.2949,1044.8
0.295,1044.8
0.2951,1044.7
0.2952,1044.6
0.2953,1044.6
0.2954,1044.5
0.2955,1044.5
0.2956,1044.4
0.2957,1044.3
0.2958,1044.3
0.2959,1044.2
0.296,1044.1
0.2961,1044.1
0.2962,1044
0.2963,1043.9
0.2964,1043.9
0.2965,1043.8
0.2966,1043.7
0.2967,1043.7
0.2968,1043.6
0.2969,1043.5
0.297,1043.5
0.2971,1043.4
0.2972,1043.3
0.2973,1043.3
0.2974,1043.2
0.2975,1043.1
0.2976,1043.1
0.2977,1043
0.2978,1043
0.2979,1042.9
0.298,1042.8
0.2981,1042.8
0.2982,1042.7
0.2983,1042.6
0.2984,1042.6
0.2985,1042.5
0.2986,1042.4
0.2987,1042.4
0.2988,1042.3
0.2989,1042.2
0.299,1042.2
0.2991,1042.1
0.2992,1042
0.2993,1042
0.2994,1041.9
0.2995,1041.8
0.2996,1041.8
0.2997,1041.7
0.2998,1041.6
0.2999,1041.6
0.3,1041.5
0.3001,1041.4
0.3002,1041.4
0.3003,1041.3
0.3004,1041.2
0.3005,1041.2
0.3006,1041.1
0.3007,1041
0.3008,1041
0.3009,1040.9
0.301,1040.8
0.3011,1040.8
0.3012,1040.7
0.3013,1040.7
0.3014,1040.6
0.3015,1040.5
0.3016,1040.5
0.3017,1040.4
0.3018,1040.3
0.3019,1040.3
0.302,1040.2
0.3021,1040.1
0.3022,1040.1
0.3023,1040
0.3024,1039.9
0.3025,1039.9
0.3026,1039.8
0.3027,1039.7
0.3028,1039.7
0.3029,1039.6
0.303,1039.5
0.3031,1039.5
0.3032,1039.4
0.3033,1039.3
0.3034,1039.3
0.3035,1039.2
0.3036,1039.1
0.3037,1039.1
0.3038,1039
0.3039,1039
0.304,1038.9
0.3041,1038.8
0.3042,1038.8
0.3043,1038.7
0.3044,1038.6
0.3045,1038.6
0.3046,1038.5
0.3047,1038.5
0.3048,1038.4
0.3049,1038.3
0.305,1038.3
0.3051,1038.2
0.3052,1038.1
0.3053,1038.1
0.3054,1038
0.3055,1038
0.3056,1037.9
0.3057,1037.8
0.3058,1037.8
0.3059,1037.7
0.306,1037.7
0.3061,1037.6
0.3062,1037.5
0.3063,1037.5
0.3064,1037.4
0.3065,1037.4
0.3066,1037.3
0.3067,1037.2
0.3068,1037.2
0.3069,1037.1
0.307,1037.1
0.3071,1037
0.3072,1036.9
0.3073,1036.9
0.3074,1036.8
0.3075,1036.7
0.3076,1036.7
0.3077,1036.6
0.3078,1036.6
0.3079,1036.5
0.308,1036.4
0.3081,1036.4
0.3082,1036.3
0.3083,1036.2
0.3084,1036.2
0.3085,1036.1
0.3086,1036
0.3087,1036
0.3088,1035.9
0.3089,1035.8
0.309,1035.8
0.3091,1035.7
0.3092,1035.6
0.3093,1035.6
0.3094,1035.5
0.3095,1035.4
0.3096,1035.4
0.3097,1035.3
0.3098,1035.2
0.3099,1035.2
0.31,1035.1
0.3101,1035
0.3102,1034.9
0.3103,1034.9
0.3104,1034.8
0.3105,1034.7
0.3106,1034.7
0.3107,1034.6
0.3108,1034.5
0.3109,1034.4
0.311,1034.4
0.3111,1034.3
0.3112,1034.2
0.3113,1034.2
0.3114,1034.1
0.3115,1034
0.3116,1033.9
0.3117,1033.9
0.3118,1033.8
0.3119,1033.7
0.312,1033.6
0.3121,1033.6
0.3122,1033.5
0.3123,1033.4
0.3124,1033.4
0.3125,1033.3
0.3126,1033.2
0.3127,1033.1
0.3128,1033.1
0.3129,1033
0.313,1032.9
0.3131,1032.9
0.3132,1032.8
0.3133,1032.7
0.3134,1032.6
0.3135,1032.6
0.3136,1032.5
0.3137,1032.4
0.3138,1032.4
0.3139,1032.3
0.314,1032.2
0.3141,1032.1
0.3142,1032.1
0.3143,1032
0.3144,1031.9
0.3145,1031.9
0.3146,1031.8
0.3147,1031.7
0.3148,1031.7
0.3149,1031.6
0.315,1031.5
0.3151,1031.4
0.3152,1031.4
0.3153,1031.3
0.3154,1031.2
0.3155,1031.2
0.3156,1031.1
0.3157,1031
0.3158,1031
0.3159,1030.9
0.316,1030.8
0.3161,1030.7
0.3162,1030.7
0.3163,1030.6
0.3164,1030.5
0.3165,1030.5
0.3166,1030.4
0.3167,1030.3
0.3168,1030.2
0.3169,1030.2
0.317,1030.1
0.3171,1030
0.3172,1030
0.3173,1029.9
0.3174,1029.8
0.3175,1029.7
0.3176,1029.7
0.3177,1029.6
0.3178,1029.5
0.3179,1029.4
0.318,1029.4
0.3181,1029.3
0.3182,1029.2
0.3183,1029.1
0.3184,1029.1
0.3185,1029
0.3186,1028.9
0.3187,1028.8
0.3188,1028.8
0.3189,1028.7
0.319,1028.6
0.3191,1028.5
0.3192,1028.5
0.3193,1028.4
0.3194,1028.3
0.3195,1028.2
0.3196,1028.2
0.3197,1028.1
0.3198,1028
0.3199,1027.9
0.32,1027.8
0.3201,1027.8
0.3202,1027.7
0.3203,1027.6
0.3204,1027.5
0.3205,1027.5
0.3206,1027.4
0.3207,1027.3
0.3208,1027.2
0.3209,1027.1
0.321,1027.1
0.3211,1027
0.3212,1026.9
0.3213,1026.8
0.3214,1026.8
0.3215,1026.7
0.3216,1026.6
0.3217,1026.5
0.3218,1026.4
0.3219,1026.4
0.322,1026.3
0.3221,1026.2
0.3222,1026.1
0.3223,1026.1
0.3224,1026
0.3225,1025.9
0.3226,1025.8
0.3227,1025.8
0.3228,1025.7
0.3229,1025.6
0.323,1025.6
0.3231,1025.5
0.3232,1025.4
0.3233,1025.3
0.3234,1025.3
0.3235,1025.2
0.3236,1025.1
0.3237,1025.1
0.3238,1025
0.3239,1024.9
0.324,1024.8
0.3241,1024.8
0.3242,1024.7
0.3243,1024.6
0.3244,1024.6
0.3245,1024.5
0.3246,1024.4
0.3247,1024.3
0.3248,1024.3
0.3249,1024.2
0.325,1024.1
0.3251,1024.1
0.3252,1024
0.3253,1023.9
0.3254,1023.8
0.3255,1023.8
0.3256,1023.7
0.3257,1023.6
0.3258,1023.6
0.3259,1023.5
0.326,1023.4
0.3261,1023.3
0.3262,1023.3
0.3263,1023.2
0.3264,1023.1
0.3265,1023
0.3266,1023
0.3267,1022.9
0.3268,1022.8
0.3269,1022.7
0.327,1022.6
0.3271,1022.6
0.3272,1022.5
0.3273,1022.4
0.3274,1022.3
0.3275,1022.2
0.3276,1022.1
0.3277,1022.1
0.3278,1022
0.3279,1021.9
0.328,1021.8
0.3281,1021.7
0.3282,1021.6
0.3283,1021.5
0.3284,1021.4
0.3285,1021.3
0.3286,1021.3
0.3287,1021.2
0.3288,1021.1
0.3289,1021
0.329,1020.9
0.3291,1020.8
0.3292,1020.7
0.3293,1020.6
0.3294,1020.5
0.3295,1020.4
0.3296,1020.3
0.3297,1020.3
0.3298,1020.2
0.3299,1020.1
0.33,1020
0.3301,1019.9
0.3302,1019.8
0.3303,1019.7
0.3304,1019.6
0.3305,1019.5
0.3306,1019.4
0.3307,1019.3
0.3308,1019.2
0.3309,1019.1
0.331,1019.1
0.3311,1019
0.3312,1018.9
0.3313,1018.8
0.3314,1018.7
0.3315,1018.6
0.3316,1018.5
0.3317,1018.4
0.3318,1018.3
0.3319,1018.2
0.332,1018.2
0.3321,1018.1
0.3322,1018
0.3323,1017.9
0.3324,1017.8
0.3325,1017.7
0.3326,1017.6
0.3327,1017.5
0.3328,1017.4
0.3329,1017.4
0.333,1017.3
0.3331,1017.2
0.3332,1017.1
0.3333,1017
0.3334,1016.9
0.3335,1016.8
0.3336,1016.7
0.3337,1016.7
0.3338,1016.6
0.3339,1016.5
0.334,1016.4
0.3341,1016.3
0.3342,1016.2
0.3343,1016.1
0.3344,1016
0.3345,1015.9
0.3346,1015.9
0.3347,1015.8
0.3348,1015.7
0.3349,1015.6
0.335,1015.5
0.3351,1015.4
0.3352,1015.3
0.3353,1015.3
0.3354,1015.2
0.3355,1015.1
0.3356,1015
0.3357,1014.9
0.3358,1014.8
0.3359,1014.7
0.336,1014.7
0.3361,1014.6
0.3362,1014.5
0.3363,1014.4
0.3364,1014.3
0.3365,1014.2
0.3366,1014.2
0.3367,1014.1
0.3368,1014
0.3369,1013.9
0.337,1013.8
0.3371,1013.7
0.3372,1013.7
0.3373,1013.6
0.3374,1013.5
0.3375,1013.4
0.3376,1013.3
0.3377,1013.2
0.3378,1013.2
0.3379,1013.1
0.338,1013
0.3381,1012.9
0.3382,1012.8
0.3383,1012.8
0.3384,1012.7
0.3385,1012.6
0.3386,1012.5
0.3387,1012.4
0.3388,1012.4
0.3389,1012.3
0.339,1012.2
0.3391,1012.1
0.3392,1012
0.3393,1012
0.3394,1011.9
0.3395,1011.8
0.3396,1011.7
0.3397,1011.6
0.3398,1011.6
0.3399,1011.5
0.34,1011.4
0.3401,1011.3
0.3402,1011.2
0.3403,1011.1
0.3404,1011.1
0.3405,1011
0.3406,1010.9
0.3407,1010.8
0.3408,1010.7
0.3409,1010.7
0.341,1010.6
0.3411,1010.5
0.3412,1010.4
0.3413,1010.3
0.3414,1010.2
0.3415,1010.2
0.3416,1010.1
0.3417,1010
0.3418,1009.9
0.3419,1009.8
0.342,1009.7
0.3421,1009.7
0.3422,1009.6
0.3423,1009.5
0.3424,1009.4
0.3425,1009.3
0.3426,1009.2
0.3427,1009.1
0.3428,1009.1
0.3429,1009
0.343,1008.9
0.3431,1008.8
0.3432,1008.7
0.3433,1008.6
0.3434,1008.6
0.3435,1008.5
0.3436,1008.4
0.3437,1008.3
0.3438,1008.2
0.3439,1008.1
0.344,1008.1
0.3441,1008
0.3442,1007.9
0.3443,1007.8
0.3444,1007.7
0.3445,1007.7
0.3446,1007.6
0.3447,1007.5
0.3448,1007.4
0.3449,1007.3
0.345,1007.3
0.3451,1007.2
0.3452,1007.1
0.3453,1007
0.3454,1007
0.3455,1006.9
0.3456,1006.8
0.3457,1006.7
0.3458,1006.7
0.3459,1006.6
0.346,1006.5
0.3461,1006.4
0.3462,1006.4
0.3463,1006.3
0.3464,1006.2
0.3465,1006.1
0.3466,1006.1
0.3467,1006
0.3468,1005.9
0.3469,1005.8
0.347,1005.8
0.3471,1005.7
0.3472,1005.6
0.3473,1005.6
0.3474,1005.5
0.3475,1005.4
0.3476,1005.3
0.3477,1005.3
0.3478,1005.2
0.3479,1005.1
0.348,1005.1
0.3481,1005
0.3482,1004.9
0.3483,1004.9
0.3484,1004.8
0.3485,1004.7
0.3486,1004.7
0.3487,1004.6
0.3488,1004.5
0.3489,1004.4
0.349,1004.4
0.3491,1004.3
0.3492,1004.2
0.3493,1004.2
0.3494,1004.1
0.3495,1004
0.3496,1004
0.3497,1003.9
0.3498,1003.8
0.3499,1003.8
0.35,1003.7
0.3501,1003.6
0.3502,1003.6
0.3503,1003.5
0.3504,1003.4
0.3505,1003.4
0.3506,1003.3
0.3507,1003.3
0.3508,1003.2
0.3509,1003.1
0.351,1003.1
0.3511,1003
0.3512,1002.9
0.3513,1002.9
0.3514,1002.8
0.3515,1002.7
0.3516,1002.7
0.3517,1002.6
0.3518,1002.5
0.3519,1002.5
0.352,1002.4
0.3521,1002.4
0.3522,1002.3
0.3523,1002.2
0.3524,1002.2
0.3525,1002.1
0.3526,1002
0.3527,1002
0.3528,1001.9
0.3529,1001.9
0.353,1001.8
0.3531,1001.7
0.3532,1001.7
0.3533,1001.6
0.3534,1001.6
0.3535,1001.5
0.3536,1001.4
0.3537,1001.4
0.3538,1001.3
0.3539,1001.3
0.354,1001.2
0.3541,1001.1
0.3542,1001.1
0.3543,1001
0.3544,1001
0.3545,1000.9
0.3546,1000.9
0.3547,1000.8
0.3548,1000.8
0.3549,1000.7
0.355,1000.6
0.3551,1000.6
0.3552,1000.5
0.3553,1000.5
0.3554,1000.4
0.3555,1000.4
0.3556,1000.3
0.3557,1000.3
0.3558,1000.2
0.3559,1000.2
0.356,1000.1
0.3561,1000.1
0.3562,1000
0.3563,999.96
0.3564,999.91
0.3565,999.86
0.3566,999.81
0.3567,999.76
0.3568,999.71
0.3569,999.66
0.357,999.61
0.3571,999.56
0.3572,999.51
0.3573,999.46
0.3574,999.41
0.3575,999.36
0.3576,999.31
0.3577,999.26
0.3578,999.21
0.3579,999.16
0.358,999.11
0.3581,999.05
0.3582,999
0.3583,998.95
0.3584,998.9
0.3585,998.85
0.3586,998.8
0.3587,998.75
0.3588,998.69
0.3589,998.64
0.359,998.59
0.3591,998.53
0.3592,998.48
0.3593,998.43
0.3594,998.37
0.3595,998.32
0.3596,998.27
0.3597,998.21
0.3598,998.16
0.3599,998.1
0.36,998.05
0.3601,997.99
0.3602,997.94
0.3603,997.88
0.3604,997.83
0.3605,997.77
0.3606,997.72
0.3607,997.66
0.3608,997.61
0.3609,997.55
0.361,997.5
0.3611,997.44
0.3612,997.39
0.3613,997.33
0.3614,997.28
0.3615,997.22
0.3616,997.17
0.3617,997.12
0.3618,997.06
0.3619,997.01
0.362,996.95
0.3621,996.9
0.3622,996.84
0.3623,996.79
0.3624,996.74
0.3625,996.68
0.3626,996.63
0.3627,996.58
0.3628,996.53
0.3629,996.47
0.363,996.42
0.3631,996.37
0.3632,996.32
0.3633,996.27
0.3634,996.21
0.3635,996.16
0.3636,996.11
0.3637,996.06
0.3638,996.01
0.3639,995.96
0.364,995.91
0.3641,995.86
0.3642,995.81
0.3643,995.76
0.3644,995.71
0.3645,995.67
0.3646,995.62
0.3647,995.57
0.3648,995.52
0.3649,995.47
0.365,995.42
0.3651,995.37
0.3652,995.32
0.3653,995.28
0.3654,995.23
0.3655,995.18
0.3656,995.13
0.3657,995.09
0.3658,995.04
0.3659,994.99
0.366,994.94
0.3661,994.9
0.3662,994.85
0.3663,994.8
0.3664,994.75
0.3665,994.71
0.3666,994.66
0.3667,994.61
0.3668,994.57
0.3669,994.52
0.367,994.48
0.3671,994.43
0.3672,994.38
0.3673,994.34
0.3674,994.29
0.3675,994.25
0.3676,994.2
0.3677,994.15
0.3678,994.11
0.3679,994.06
0.368,994.02
0.3681,993.97
0.3682,993.93
0.3683,993.88
0.3684,993.84
0.3685,993.79
0.3686,993.75
0.3687,993.7
0.3688,993.66
0.3689,993.61
0.369,993.57
0.3691,993.52
0.3692,993.48
0.3693,993.44
0.3694,993.39
0.3695,993.35
0.3696,993.3
0.3697,993.26
0.3698,993.21
0.3699,993.17
0.37,993.13
0.3701,993.08
0.3702,993.04
0.3703,993
0.3704,992.95
0.3705,992.91
0.3706,992.87
0.3707,992.82
0.3708,992.78
0.3709,992.74
0.371,992.7
0.3711,992.65
0.3712,992.61
0.3713,992.57
0.3714,992.53
0.3715,992.49
0.3716,992.45
0.3717,992.4
0.3718,992.36
0.3719,992.32
0.372,992.28
0.3721,992.24
0.3722,992.2
0.3723,992.16
0.3724,992.12
0.3725,992.08
0.3726,992.04
0.3727,992.01
0.3728,991.97
0.3729,991.93
0.373,991.89
0.3731,991.85
0.3732,991.81
0.3733,991.77
0.3734,991.74
0.3735,991.7
0.3736,991.66
0.3737,991.62
0.3738,991.59
0.3739,991.55
0.374,991.51
0.3741,991.47
0.3742,991.44
0.3743,991.4
0.3744,991.36
0.3745,991.33
0.3746,991.29
0.3747,991.26
0.3748,991.22
0.3749,991.18
0.375,991.15
0.3751,991.11
0.3752,991.08
0.3753,991.04
0.3754,991.01
0.3755,990.97
0.3756,990.94
0.3757,990.9
0.3758,990.87
0.3759,990.83
0.376,990.8
0.3761,990.77
0.3762,990.73
0.3763,990.7
0.3764,990.66
0.3765,990.63
0.3766,990.6
0.3767,990.56
0.3768,990.53
0.3769,990.5
0.377,990.47
0.3771,990.43
0.3772,990.4
0.3773,990.37
0.3774,990.34
0.3775,990.3
0.3776,990.27
0.3777,990.24
0.3778,990.21
0.3779,990.18
0.378,990.15
0.3781,990.12
0.3782,990.09
0.3783,990.05
0.3784,990.02
0.3785,989.99
0.3786,989.96
0.3787,989.93
0.3788,989.9
0.3789,989.87
0.379,989.84
0.3791,989.81
0.3792,989.78
0.3793,989.75
0.3794,989.73
0.3795,989.7
0.3796,989.67
0.3797,989.64
0.3798,989.61
0.3799,989.58
0.38,989.55
0.3801,989.52
0.3802,989.49
0.3803,989.46
0.3804,989.44
0.3805,989.41
0.3806,989.38
0.3807,989.35
0.3808,989.32
0.3809,989.29
0.381,989.27
0.3811,989.24
0.3812,989.21
0.3813,989.18
0.3814,989.15
0.3815,989.13
0.3816,989.1
0.3817,989.07
0.3818,989.04
0.3819,989.02
0.382,988.99
0.3821,988.96
0.3822,988.93
0.3823,988.9
0.3824,988.88
0.3825,988.85
0.3826,988.82
0.3827,988.79
0.3828,988.77
0.3829,988.74
0.383,988.71
0.3831,988.68
0.3832,988.66
0.3833,988.63
0.3834,988.6
0.3835,988.58
0.3836,988.55
0.3837,988.52
0.3838,988.5
0.3839,988.47
0.384,988.44
0.3841,988.42
0.3842,988.39
0.3843,988.36
0.3844,988.34
0.3845,988.31
0.3846,988.28
0.3847,988.26
0.3848,988.23
0.3849,988.21
0.385,988.18
0.3851,988.16
0.3852,988.13
0.3853,988.11
0.3854,988.08
0.3855,988.06
0.3856,988.03
0.3857,988.01
0.3858,987.98
0.3859,987.96
0.386,987.94
0.3861,987.91
0.3862,987.89
0.3863,987.86
0.3864,987.84
0.3865,987.82
0.3866,987.8
0.3867,987.77
0.3868,987.75
0.3869,987.73
0.387,987.7
0.3871,987.68
0.3872,987.66
0.3873,987.64
0.3874,987.61
0.3875,987.59
0.3876,987.57
0.3877,987.55
0.3878,987.52
0.3879,987.5
0.388,987.48
0.3881,987.46
0.3882,987.44
0.3883,987.42
0.3884,987.39
0.3885,987.37
0.3886,987.35
0.3887,987.33
0.3888,987.31
0.3889,987.29
0.389,987.27
0.3891,987.25
0.3892,987.23
0.3893,987.21
0.3894,987.19
0.3895,987.17
0.3896,987.15
0.3897,987.13
0.3898,987.11
0.3899,987.09
0.39,987.07
0.3901,987.05
0.3902,987.03
0.3903,987.01
0.3904,986.99
0.3905,986.97
0.3906,986.96
0.3907,986.94
0.3908,986.92
0.3909,986.9
0.391,986.88
0.3911,986.87
0.3912,986.85
0.3913,986.83
0.3914,986.81
0.3915,986.8
0.3916,986.78
0.3917,986.76
0.3918,986.74
0.3919,986.73
0.392,986.71
0.3921,986.69
0.3922,986.68
0.3923,986.66
0.3924,986.65
0.3925,986.63
0.3926,986.61
0.3927,986.6
0.3928,986.58
0.3929,986.57
0.393,986.55
0.3931,986.53
0.3932,986.52
0.3933,986.5
0.3934,986.49
0.3935,986.47
0.3936,986.46
0.3937,986.44
0.3938,986.43
0.3939,986.41
0.394,986.4
0.3941,986.38
0.3942,986.37
0.3943,986.35
0.3944,986.34
0.3945,986.32
0.3946,986.31
0.3947,986.29
0.3948,986.28
0.3949,986.26
0.395,986.25
0.3951,986.24
0.3952,986.22
0.3953,986.21
0.3954,986.19
0.3955,986.18
0.3956,986.17
0.3957,986.15
0.3958,986.14
0.3959,986.12
0.396,986.11
0.3961,986.1
0.3962,986.08
0.3963,986.07
0.3964,986.05
0.3965,986.04
0.3966,986.03
0.3967,986.01
0.3968,986
0.3969,985.99
0.397,985.97
0.3971,985.96
0.3972,985.95
0.3973,985.93
0.3974,985.92
0.3975,985.91
0.3976,985.89
0.3977,985.88
0.3978,985.87
0.3979,985.85
0.398,985.84
0.3981,985.83
0.3982,985.82
0.3983,985.8
0.3984,985.79
0.3985,985.78
0.3986,985.77
0.3987,985.75
0.3988,985.74
0.3989,985.73
0.399,985.72
0.3991,985.71
0.3992,985.69
0.3993,985.68
0.3994,985.67
0.3995,985.66
0.3996,985.65
0.3997,985.64
0.3998,985.62
0.3999,985.61
0.4,985.6
0.4001,985.59
0.4002,985.58
0.4003,985.57
0.4004,985.55
0.4005,985.54
0.4006,985.53
0.4007,985.52
0.4008,985.5
0.4009,985.49
0.401,985.48
0.4011,985.46
0.4012,985.45
0.4013,985.44
0.4014,985.42
0.4015,985.41
0.4016,985.4
0.4017,985.38
0.4018,985.37
0.4019,985.36
0.402,985.34
0.4021,985.33
0.4022,985.32
0.4023,985.31
0.4024,985.29
0.4025,985.28
0.4026,985.27
0.4027,985.26
0.4028,985.25
0.4029,985.24
0.403,985.23
0.4031,985.22
0.4032,985.21
0.4033,985.2
0.4034,985.19
0.4035,985.19
0.4036,985.18
0.4037,985.17
0.4038,985.17
0.4039,985.16
0.404,985.16
0.4041,985.15
0.4042,985.15
0.4043,985.15
0.4044,985.15
0.4045,985.14
0.4046,985.14
0.4047,985.14
0.4048,985.14
0.4049,985.15
0.405,985.15
0.4051,985.15
0.4052,985.15
0.4053,985.15
0.4054,985.15
0.4055,985.16
0.4056,985.16
0.4057,985.16
0.4058,985.17
0.4059,985.17
0.406,985.17
0.4061,985.18
0.4062,985.18
0.4063,985.19
0.4064,985.19
0.4065,985.2
0.4066,985.2
0.4067,985.21
0.4068,985.21
0.4069,985.22
0.407,985.22
0.4071,985.23
0.4072,985.23
0.4073,985.24
0.4074,985.25
0.4075,985.25
0.4076,985.26
0.4077,985.26
0.4078,985.27
0.4079,985.28
0.408,985.28
0.4081,985.29
0.4082,985.3
0.4083,985.3
0.4084,985.31
0.4085,985.32
0.4086,985.32
0.4087,985.33
0.4088,985.34
0.4089,985.35
0.409,985.35
0.4091,985.36
0.4092,985.37
0.4093,985.37
0.4094,985.38
0.4095,985.39
0.4096,985.4
0.4097,985.41
0.4098,985.42
0.4099,985.43
0.41,985.44
0.4101,985.45
0.4102,985.46
0.4103,985.47
0.4104,985.48
0.4105,985.49
0.4106,985.5
0.4107,985.51
0.4108,985.53
0.4109,985.54
0.411,985.55
0.4111,985.56
0.4112,985.58
0.4113,985.59
0.4114,985.6
0.4115,985.62
0.4116,985.63
0.4117,985.65
0.4118,985.66
0.4119,985.67
0.412,985.69
0.4121,985.7
0.4122,985.72
0.4123,985.73
0.4124,985.74
0.4125,985.76
0.4126,985.77
0.4127,985.79
0.4128,985.8
0.4129,985.82
0.413,985.83
0.4131,985.84
0.4132,985.86
0.4133,985.87
0.4134,985.89
0.4135,985.9
0.4136,985.91
0.4137,985.93
0.4138,985.94
0.4139,985.95
0.414,985.97
0.4141,985.98
0.4142,986
0.4143,986.01
0.4144,986.02
0.4145,986.04
0.4146,986.05
0.4147,986.07
0.4148,986.08
0.4149,986.1
0.415,986.11
0.4151,986.13
0.4152,986.14
0.4153,986.16
0.4154,986.17
0.4155,986.19
0.4156,986.2
0.4157,986.22
0.4158,986.23
0.4159,986.25
0.416,986.26
0.4161,986.28
0.4162,986.29
0.4163,986.31
0.4164,986.32
0.4165,986.34
0.4166,986.35
0.4167,986.37
0.4168,986.38
0.4169,986.4
0.417,986.41
0.4171,986.43
0.4172,986.44
0.4173,986.46
0.4174,986.47
0.4175,986.49
0.4176,986.5
0.4177,986.52
0.4178,986.53
0.4179,986.55
0.418,986.56
0.4181,986.58
0.4182,986.59
0.4183,986.61
0.4184,986.62
0.4185,986.64
0.4186,986.65
0.4187,986.67
0.4188,986.68
0.4189,986.7
0.419,986.71
0.4191,986.73
0.4192,986.74
0.4193,986.76
0.4194,986.77
0.4195,986.79
0.4196,986.8
0.4197,986.82
0.4198,986.83
0.4199,986.85
0.42,986.86
0.4201,986.88
0.4202,986.89
0.4203,986.91
0.4204,986.92
0.4205,986.94
0.4206,986.95
0.4207,986.97
0.4208,986.98
0.4209,987
0.421,987.01
0.4211,987.03
0.4212,987.04
0.4213,987.06
0.4214,987.07
0.4215,987.08
0.4216,987.1
0.4217,987.11
0.4218,987.13
0.4219,987.14
0.422,987.15
0.4221,987.16
0.4222,987.18
0.4223,987.19
0.4224,987.2
0.4225,987.22
0.4226,987.23
0.4227,987.24
0.4228,987.25
0.4229,987.26
0.423,987.27
0.4231,987.29
0.4232,987.3
0.4233,987.31
0.4234,987.32
0.4235,987.33
0.4236,987.34
0.4237,987.36
0.4238,987.37
0.4239,987.38
0.424,987.39
0.4241,987.4
0.4242,987.42
0.4243,987.43
0.4244,987.44
0.4245,987.45
0.4246,987.46
0.4247,987.47
0.4248,987.48
0.4249,987.5
0.425,987.51
0.4251,987.52
0.4252,987.53
0.4253,987.54
0.4254,987.55
0.4255,987.56
0.4256,987.57
0.4257,987.58
0.4258,987.59
0.4259,987.6
0.426,987.6
0.4261,987.61
0.4262,987.62
0.4263,987.63
0.4264,987.64
0.4265,987.64
0.4266,987.65
0.4267,987.66
0.4268,987.66
0.4269,987.67
0.427,987.67
0.4271,987.68
0.4272,987.68
0.4273,987.69
0.4274,987.69
0.4275,987.69
0.4276,987.7
0.4277,987.7
0.4278,987.7
0.4279,987.7
0.428,987.71
0.4281,987.71
0.4282,987.71
0.4283,987.72
0.4284,987.72
0.4285,987.72
0.4286,987.72
0.4287,987.73
0.4288,987.73
0.4289,987.73
0.429,987.73
0.4291,987.74
0.4292,987.74
0.4293,987.74
0.4294,987.74
0.4295,987.75
0.4296,987.75
0.4297,987.75
0.4298,987.75
0.4299,987.75
0.43,987.76
0.4301,987.76
0.4302,987.76
0.4303,987.76
0.4304,987.76
0.4305,987.76
0.4306,987.77
0.4307,987.77
0.4308,987.77
0.4309,987.77
0.431,987.77
0.4311,987.77
0.4312,987.77
0.4313,987.77
0.4314,987.77
0.4315,987.77
0.4316,987.77
0.4317,987.78
0.4318,987.78
0.4319,987.78
0.432,987.78
0.4321,987.78
0.4322,987.78
0.4323,987.78
0.4324,987.78
0.4325,987.78
0.4326,987.78
0.4327,987.78
0.4328,987.78
0.4329,987.78
0.433,987.78
0.4331,987.78
0.4332,987.78
0.4333,987.78
0.4334,987.78
0.4335,987.78
0.4336,987.78
0.4337,987.78
0.4338,987.78
0.4339,987.78
0.434,987.78
0.4341,987.78
0.4342,987.78
0.4343,987.78
0.4344,987.78
0.4345,987.78
0.4346,987.78
0.4347,987.78
0.4348,987.78
0.4349,987.78
0.435,987.78
0.4351,987.78
0.4352,987.78
0.4353,987.78
0.4354,987.78
0.4355,987.78
0.4356,987.78
0.4357,987.78
0.4358,987.78
0.4359,987.78
0.436,987.78
0.4361,987.78
0.4362,987.78
0.4363,987.78
0.4364,987.78
0.4365,987.78
0.4366,987.78
0.4367,987.77
0.4368,987.77
0.4369,987.77
0.437,987.77
0.4371,987.77
0.4372,987.77
0.4373,987.76
0.4374,987.76
0.4375,987.76
0.4376,987.76
0.4377,987.75
0.4378,987.75
0.4379,987.74
0.438,987.74
0.4381,987.74
0.4382,987.73
0.4383,987.73
0.4384,987.72
0.4385,987.72
0.4386,987.71
0.4387,987.71
0.4388,987.7
0.4389,987.7
0.439,987.69
0.4391,987.68
0.4392,987.68
0.4393,987.67
0.4394,987.67
0.4395,987.66
0.4396,987.66
0.4397,987.65
0.4398,987.64
0.4399,987.64
0.44,987.63
0.4401,987.63
0.4402,987.62
0.4403,987.62
0.4404,987.61
0.4405,987.61
0.4406,987.6
0.4407,987.6
0.4408,987.59
0.4409,987.59
0.441,987.58
0.4411,987.58
0.4412,987.58
0.4413,987.57
0.4414,987.57
0.4415,987.56
0.4416,987.56
0.4417,987.56
0.4418,987.55
0.4419,987.55
0.442,987.54
0.4421,987.54
0.4422,987.54
0.4423,987.53
0.4424,987.53
0.4425,987.53
0.4426,987.52
0.4427,987.52
0.4428,987.52
0.4429,987.51
0.443,987.51
0.4431,987.51
0.4432,987.5
0.4433,987.5
0.4434,987.5
0.4435,987.49
0.4436,987.49
0.4437,987.49
0.4438,987.48
0.4439,987.48
0.444,987.47
0.4441,987.47
0.4442,987.47
0.4443,987.46
0.4444,987.46
0.4445,987.46
0.4446,987.45
0.4447,987.45
0.4448,987.44
0.4449,987.44
0.445,987.44
0.4451,987.43
0.4452,987.43
0.4453,987.42
0.4454,987.42
0.4455,987.41
0.4456,987.41
0.4457,987.4
0.4458,987.4
0.4459,987.39
0.446,987.39
0.4461,987.38
0.4462,987.37
0.4463,987.37
0.4464,987.36
0.4465,987.35
0.4466,987.35
0.4467,987.34
0.4468,987.33
0.4469,987.32
0.447,987.31
0.4471,987.31
0.4472,987.3
0.4473,987.29
0.4474,987.28
0.4475,987.27
0.4476,987.26
0.4477,987.25
0.4478,987.25
0.4479,987.24
0.448,987.23
0.4481,987.22
0.4482,987.21
0.4483,987.2
0.4484,987.2
0.4485,987.19
0.4486,987.18
0.4487,987.17
0.4488,987.17
0.4489,987.16
0.449,987.15
0.4491,987.15
0.4492,987.14
0.4493,987.14
0.4494,987.13
0.4495,987.13
0.4496,987.12
0.4497,987.12
0.4498,987.11
0.4499,987.11
0.45,987.11
0.4501,987.1
0.4502,987.1
0.4503,987.1
0.4504,987.1
0.4505,987.1
0.4506,987.09
0.4507,987.09
0.4508,987.09
0.4509,987.09
0.451,987.09
0.4511,987.09
0.4512,987.09
0.4513,987.08
0.4514,987.08
0.4515,987.08
0.4516,987.08
0.4517,987.08
0.4518,987.08
0.4519,987.08
0.452,987.08
0.4521,987.07
0.4522,987.07
0.4523,987.07
0.4524,987.07
0.4525,987.07
0.4526,987.07
0.4527,987.07
0.4528,987.07
0.4529,987.07
0.453,987.07
0.4531,987.06
0.4532,987.06
0.4533,987.06
0.4534,987.06
0.4535,987.06
0.4536,987.06
0.4537,987.06
0.4538,987.06
0.4539,987.06
0.454,987.06
0.4541,987.06
0.4542,987.06
0.4543,987.06
0.4544,987.06
0.4545,987.06
0.4546,987.06
0.4547,987.06
0.4548,987.06
0.4549,987.06
0.455,987.06
0.4551,987.06
0.4552,987.06
0.4553,987.06
0.4554,987.06
0.4555,987.06
0.4556,987.06
0.4557,987.06
0.4558,987.06
0.4559,987.06
0.456,987.06
0.4561,987.06
0.4562,987.06
0.4563,987.06
0.4564,987.06
0.4565,987.06
0.4566,987.06
0.4567,987.06
0.4568,987.06
0.4569,987.06
0.457,987.06
0.4571,987.06
0.4572,987.06
0.4573,987.06
0.4574,987.06
0.4575,987.06
0.4576,987.06
0.4577,987.06
0.4578,987.06
0.4579,987.06
0.458,987.06
0.4581,987.06
0.4582,987.06
0.4583,987.06
0.4584,987.06
0.4585,987.06
0.4586,987.06
0.4587,987.06
0.4588,987.06
0.4589,987.06
0.459,987.06
0.4591,987.06
0.4592,987.06
0.4593,987.06
0.4594,987.06
0.4595,987.06
0.4596,987.06
0.4597,987.06
0.4598,987.06
0.4599,987.06
0.46,987.05
0.4601,987.05
0.4602,987.05
0.4603,987.05
0.4604,987.05
0.4605,987.05
0.4606,987.05
0.4607,987.04
0.4608,987.04
0.4609,987.04
0.461,987.04
0.4611,987.04
0.4612,987.03
0.4613,987.03
0.4614,987.03
0.4615,987.03
0.4616,987.02
0.4617,987.02
0.4618,987.02
0.4619,987.02
0.462,987.01
0.4621,987.01
0.4622,987.01
0.4623,987
0.4624,987
0.4625,987
0.4626,986.99
0.4627,986.99
0.4628,986.99
0.4629,986.98
0.463,986.98
0.4631,986.98
0.4632,986.97
0.4633,986.97
0.4634,986.97
0.4635,986.96
0.4636,986.96
0.4637,986.96
0.4638,986.95
0.4639,986.95
0.464,986.95
0.4641,986.94
0.4642,986.94
0.4643,986.93
0.4644,986.93
0.4645,986.92
0.4646,986.91
0.4647,986.91
0.4648,986.9
0.4649,986.89
0.465,986.89
0.4651,986.88
0.4652,986.87
0.4653,986.86
0.4654,986.85
0.4655,986.85
0.4656,986.84
0.4657,986.83
0.4658,986.82
0.4659,986.81
0.466,986.8
0.4661,986.8
0.4662,986.79
0.4663,986.78
0.4664,986.77
0.4665,986.76
0.4666,986.75
0.4667,986.75
0.4668,986.74
0.4669,986.73
0.467,986.72
0.4671,986.72
0.4672,986.71
0.4673,986.7
0.4674,986.7
0.4675,986.69
0.4676,986.69
0.4677,986.68
0.4678,986.68
0.4679,986.68
0.468,986.67
0.4681,986.67
0.4682,986.67
0.4683,986.67
0.4684,986.67
0.4685,986.67
0.4686,986.67
0.4687,986.67
0.4688,986.67
0.4689,986.67
0.469,986.68
0.4691,986.68
0.4692,986.69
0.4693,986.69
0.4694,986.7
0.4695,986.71
0.4696,986.72
0.4697,986.72
0.4698,986.73
0.4699,986.74
0.47,986.75
0.4701,986.76
0.4702,986.77
0.4703,986.78
0.4704,986.79
0.4705,986.8
0.4706,986.81
0.4707,986.82
0.4708,986.84
0.4709,986.85
0.471,986.86
0.4711,986.87
0.4712,986.88
0.4713,986.89
0.4714,986.9
0.4715,986.91
0.4716,986.92
0.4717,986.94
0.4718,986.95
0.4719,986.96
0.472,986.96
0.4721,986.97
0.4722,986.98
0.4723,986.99
0.4724,987
0.4725,987.01
0.4726,987.01
0.4727,987.02
0.4728,987.03
0.4729,987.03
0.473,987.03
0.4731,987.04
0.4732,987.04
0.4733,987.05
0.4734,987.05
0.4735,987.05
0.4736,987.05
0.4737,987.06
0.4738,987.06
0.4739,987.06
0.474,987.06
0.4741,987.07
0.4742,987.07
0.4743,987.07
0.4744,987.07
0.4745,987.07
0.4746,987.08
0.4747,987.08
0.4748,987.08
0.4749,987.08
0.475,987.08
0.4751,987.09
0.4752,987.09
0.4753,987.09
0.4754,987.09
0.4755,987.09
0.4756,987.09
0.4757,987.1
0.4758,987.1
0.4759,987.1
0.476,987.1
0.4761,987.1
0.4762,987.11
0.4763,987.11
0.4764,987.11
0.4765,987.11
0.4766,987.11
0.4767,987.12
0.4768,987.12
0.4769,987.12
0.477,987.12
0.4771,987.13
0.4772,987.13
0.4773,987.13
0.4774,987.14
0.4775,987.14
0.4776,987.14
0.4777,987.15
0.4778,987.15
0.4779,987.16
0.478,987.17
0.4781,987.17
0.4782,987.18
0.4783,987.19
0.4784,987.19
0.4785,987.2
0.4786,987.21
0.4787,987.22
0.4788,987.23
0.4789,987.24
0.479,987.25
0.4791,987.26
0.4792,987.27
0.4793,987.28
0.4794,987.29
0.4795,987.31
0.4796,987.32
0.4797,987.33
0.4798,987.34
0.4799,987.36
0.48,987.37
0.4801,987.38
0.4802,987.39
0.4803,987.41
0.4804,987.42
0.4805,987.43
0.4806,987.45
0.4807,987.46
0.4808,987.47
0.4809,987.49
0.481,987.5
0.4811,987.51
0.4812,987.53
0.4813,987.54
0.4814,987.55
0.4815,987.57
0.4816,987.58
0.4817,987.59
0.4818,987.6
0.4819,987.61
0.482,987.63
0.4821,987.64
0.4822,987.65
0.4823,987.66
0.4824,987.67
0.4825,987.68
0.4826,987.69
0.4827,987.7
0.4828,987.71
0.4829,987.72
0.483,987.73
0.4831,987.74
0.4832,987.75
0.4833,987.76
0.4834,987.78
0.4835,987.79
0.4836,987.8
0.4837,987.81
0.4838,987.82
0.4839,987.83
0.484,987.84
0.4841,987.85
0.4842,987.86
0.4843,987.87
0.4844,987.88
0.4845,987.89
0.4846,987.9
0.4847,987.91
0.4848,987.92
0.4849,987.93
0.485,987.94
0.4851,987.95
0.4852,987.96
0.4853,987.98
0.4854,987.99
0.4855,988
0.4856,988.01
0.4857,988.02
0.4858,988.04
0.4859,988.05
0.486,988.06
0.4861,988.08
0.4862,988.09
0.4863,988.1
0.4864,988.12
0.4865,988.13
0.4866,988.15
0.4867,988.16
0.4868,988.18
0.4869,988.19
0.487,988.21
0.4871,988.23
0.4872,988.25
0.4873,988.27
0.4874,988.29
0.4875,988.31
0.4876,988.33
0.4877,988.35
0.4878,988.37
0.4879,988.39
0.488,988.41
0.4881,988.44
0.4882,988.46
0.4883,988.49
0.4884,988.51
0.4885,988.53
0.4886,988.56
0.4887,988.58
0.4888,988.61
0.4889,988.63
0.489,988.66
0.4891,988.69
0.4892,988.71
0.4893,988.74
0.4894,988.77
0.4895,988.79
0.4896,988.82
0.4897,988.85
0.4898,988.87
0.4899,988.9
0.49,988.92
0.4901,988.95
0.4902,988.98
0.4903,989
0.4904,989.03
0.4905,989.06
0.4906,989.08
0.4907,989.11
0.4908,989.13
0.4909,989.16
0.491,989.18
0.4911,989.21
0.4912,989.23
0.4913,989.26
0.4914,989.28
0.4915,989.3
0.4916,989.33
0.4917,989.35
0.4918,989.37
0.4919,989.4
0.492,989.42
0.4921,989.45
0.4922,989.47
0.4923,989.49
0.4924,989.52
0.4925,989.54
0.4926,989.56
0.4927,989.59
0.4928,989.61
0.4929,989.63
0.493,989.66
0.4931,989.68
0.4932,989.7
0.4933,989.73
0.4934,989.75
0.4935,989.77
0.4936,989.8
0.4937,989.82
0.4938,989.84
0.4939,989.87
0.494,989.89
0.4941,989.92
0.4942,989.94
0.4943,989.96
0.4944,989.99
0.4945,990.01
0.4946,990.04
0.4947,990.06
0.4948,990.08
0.4949,990.11
0.495,990.13
0.4951,990.16
0.4952,990.18
0.4953,990.2
0.4954,990.23
0.4955,990.25
0.4956,990.28
0.4957,990.3
0.4958,990.33
0.4959,990.35
0.496,990.38
0.4961,990.4
0.4962,990.43
0.4963,990.45
0.4964,990.48
0.4965,990.5
0.4966,990.53
0.4967,990.55
0.4968,990.58
0.4969,990.6
0.497,990.63
0.4971,990.65
0.4972,990.68
0.4973,990.7
0.4974,990.73
0.4975,990.75
0.4976,990.78
0.4977,990.8
0.4978,990.83
0.4979,990.85
0.498,990.88
0.4981,990.91
0.4982,990.93
0.4983,990.96
0.4984,990.98
0.4985,991.01
0.4986,991.04
0.4987,991.06
0.4988,991.09
0.4989,991.12
0.499,991.14
0.4991,991.17
0.4992,991.2
0.4993,991.22
0.4994,991.25
0.4995,991.28
0.4996,991.31
0.4997,991.33
0.4998,991.36
0.4999,991.39
0.5,991.42
0.5001,991.45
0.5002,991.47
0.5003,991.5
0.5004,991.53
0.5005,991.56
0.5006,991.59
0.5007,991.62
0.5008,991.65
0.5009,991.68
0.501,991.71
0.5011,991.74
0.5012,991.77
0.5013,991.81
0.5014,991.84
0.5015,991.87
0.5016,991.9
0.5017,991.93
0.5018,991.97
0.5019,992
0.502,992.03
0.5021,992.07
0.5022,992.1
0.5023,992.13
0.5024,992.17
0.5025,992.2
0.5026,992.23
0.5027,992.27
0.5028,992.3
0.5029,992.33
0.503,992.37
0.5031,992.4
0.5032,992.44
0.5033,992.47
0.5034,992.5
0.5035,992.54
0.5036,992.57
0.5037,992.61
0.5038,992.64
0.5039,992.67
0.504,992.71
0.5041,992.74
0.5042,992.78
0.5043,992.81
0.5044,992.84
0.5045,992.88
0.5046,992.91
0.5047,992.94
0.5048,992.98
0.5049,993.01
0.505,993.04
0.5051,993.08
0.5052,993.11
0.5053,993.14
0.5054,993.17
0.5055,993.21
0.5056,993.24
0.5057,993.27
0.5058,993.3
0.5059,993.34
0.506,993.37
0.5061,993.4
0.5062,993.43
0.5063,993.46
0.5064,993.5
0.5065,993.53
0.5066,993.56
0.5067,993.59
0.5068,993.62
0.5069,993.66
0.507,993.69
0.5071,993.72
0.5072,993.75
0.5073,993.78
0.5074,993.82
0.5075,993.85
0.5076,993.88
0.5077,993.91
0.5078,993.95
0.5079,993.98
0.508,994.01
0.5081,994.04
0.5082,994.08
0.5083,994.11
0.5084,994.14
0.5085,994.18
0.5086,994.21
0.5087,994.24
0.5088,994.28
0.5089,994.31
0.509,994.35
0.5091,994.38
0.5092,994.42
0.5093,994.45
0.5094,994.49
0.5095,994.52
0.5096,994.56
0.5097,994.59
0.5098,994.63
0.5099,994.67
0.51,994.7
0.5101,994.74
0.5102,994.78
0.5103,994.81
0.5104,994.85
0.5105,994.89
0.5106,994.93
0.5107,994.96
0.5108,995
0.5109,995.04
0.511,995.08
0.5111,995.12
0.5112,995.16
0.5113,995.2
0.5114,995.24
0.5115,995.27
0.5116,995.31
0.5117,995.35
0.5118,995.39
0.5119,995.43
0.512,995.47
0.5121,995.51
0.5122,995.55
0.5123,995.59
0.5124,995.63
0.5125,995.67
0.5126,995.71
0.5127,995.75
0.5128,995.79
0.5129,995.83
0.513,995.87
0.5131,995.91
0.5132,995.95
0.5133,995.99
0.5134,996.03
0.5135,996.08
0.5136,996.12
0.5137,996.16
0.5138,996.2
0.5139,996.24
0.514,996.28
0.5141,996.32
0.5142,996.36
0.5143,996.4
0.5144,996.44
0.5145,996.48
0.5146,996.52
0.5147,996.56
0.5148,996.6
0.5149,996.64
0.515,996.68
0.5151,996.72
0.5152,996.76
0.5153,996.8
0.5154,996.85
0.5155,996.89
0.5156,996.93
0.5157,996.97
0.5158,997.01
0.5159,997.05
0.516,997.09
0.5161,997.13
0.5162,997.18
0.5163,997.22
0.5164,997.26
0.5165,997.3
0.5166,997.34
0.5167,997.38
0.5168,997.42
0.5169,997.47
0.517,997.51
0.5171,997.55
0.5172,997.59
0.5173,997.63
0.5174,997.68
0.5175,997.72
0.5176,997.76
0.5177,997.8
0.5178,997.84
0.5179,997.89
0.518,997.93
0.5181,997.97
0.5182,998.01
0.5183,998.05
0.5184,998.1
0.5185,998.14
0.5186,998.18
0.5187,998.22
0.5188,998.27
0.5189,998.31
0.519,998.35
0.5191,998.39
0.5192,998.44
0.5193,998.48
0.5194,998.52
0.5195,998.57
0.5196,998.61
0.5197,998.65
0.5198,998.7
0.5199,998.74
0.52,998.78
0.5201,998.83
0.5202,998.87
0.5203,998.92
0.5204,998.96
0.5205,999
0.5206,999.05
0.5207,999.09
0.5208,999.14
0.5209,999.18
0.521,999.22
0.5211,999.27
0.5212,999.31
0.5213,999.35
0.5214,999.4
0.5215,999.44
0.5216,999.49
0.5217,999.53
0.5218,999.57
0.5219,999.62
0.522,999.66
0.5221,999.7
0.5222,999.75
0.5223,999.79
0.5224,999.83
0.5225,999.88
0.5226,999.92
0.5227,999.96
0.5228,1000
0.5229,1000
0.523,1000.1
0.5231,1000.1
0.5232,1000.2
0.5233,1000.2
0.5234,1000.3
0.5235,1000.3
0.5236,1000.3
0.5237,1000.4
0.5238,1000.4
0.5239,1000.5
0.524,1000.5
0.5241,1000.5
0.5242,1000.6
0.5243,1000.6
0.5244,1000.7
0.5245,1000.7
0.5246,1000.8
0.5247,1000.8
0.5248,1000.8
0.5249,1000.9
0.525,1000.9
0.5251,1001
0.5252,1001
0.5253,1001
0.5254,1001.1
0.5255,1001.1
0.5256,1001.2
0.5257,1001.2
0.5258,1001.2
0.5259,1001.3
0.526,1001.3
0.5261,1001.4
0.5262,1001.4
0.5263,1001.4
0.5264,1001.5
0.5265,1001.5
0.5266,1001.6
0.5267,1001.6
0.5268,1001.6
0.5269,1001.7
0.527,1001.7
0.5271,1001.8
0.5272,1001.8
0.5273,1001.8
0.5274,1001.9
0.5275,1001.9
0.5276,1002
0.5277,1002
0.5278,1002.1
0.5279,1002.1
0.528,1002.1
0.5281,1002.2
0.5282,1002.2
0.5283,1002.3
0.5284,1002.3
0.5285,1002.4
0.5286,1002.4
0.5287,1002.5
0.5288,1002.5
0.5289,1002.5
0.529,1002.6
0.5291,1002.6
0.5292,1002.7
0.5293,1002.7
0.5294,1002.8
0.5295,1002.8
0.5296,1002.9
0.5297,1002.9
0.5298,1003
0.5299,1003
0.53,1003
0.5301,1003.1
0.5302,1003.1
0.5303,1003.2
0.5304,1003.2
0.5305,1003.3
0.5306,1003.3
0.5307,1003.4
0.5308,1003.4
0.5309,1003.5
0.531,1003.5
0.5311,1003.5
0.5312,1003.6
0.5313,1003.6
0.5314,1003.7
0.5315,1003.7
0.5316,1003.8
0.5317,1003.8
0.5318,1003.9
0.5319,1003.9
0.532,1003.9
0.5321,1004
0.5322,1004
0.5323,1004.1
0.5324,1004.1
0.5325,1004.2
0.5326,1004.2
0.5327,1004.3
0.5328,1004.3
0.5329,1004.3
0.533,1004.4
0.5331,1004.4
0.5332,1004.5
0.5333,1004.5
0.5334,1004.6
0.5335,1004.6
0.5336,1004.6
0.5337,1004.7
0.5338,1004.7
0.5339,1004.8
0.534,1004.8
0.5341,1004.9
0.5342,1004.9
0.5343,1004.9
0.5344,1005
0.5345,1005
0.5346,1005.1
0.5347,1005.1
0.5348,1005.1
0.5349,1005.2
0.535,1005.2
0.5351,1005.3
0.5352,1005.3
0.5353,1005.4
0.5354,1005.4
0.5355,1005.4
0.5356,1005.5
0.5357,1005.5
0.5358,1005.6
0.5359,1005.6
0.536,1005.6
0.5361,1005.7
0.5362,1005.7
0.5363,1005.8
0.5364,1005.8
0.5365,1005.9
